Session ID,Session Start Date,Session End Date,Session Duration,Session Location,Session Talent,Session QA,Session Day,Film ID,Film International Title,Film Original Title,Film Year,Film Duration,Film Directors,Director Biography,Film Synopsis (en),Film Credits (en),Film Genres,Film Sections,Film Categories,Film Awards,Film Types,Film Languages,Film Countries,Film URL
2263-film_session,2025-10-09T14:30:00,2025-10-09T16:10:00,100,Cinema Escorxador,False,False,2025-10-09,12156-film,Memory Hotel,Memory Hotel,2024,100,Heinrich Sabl,"With a background in the world of theater and puppetry, Memory Hotel is his debut feature film as a director following several short films.","May 1945: a five-year-old girl named Sophie and her parents try to flee from the Russian front. During their escape, they stop at a hotel, where they encounter two Nazis. Following a fight, Sophie loses both her parents and her memory. Shortly afterwards, the Soviet army finds Sophie and turns her into a cook. Decades later, Sophie regains her memory when she runs into one of the Nazis from the hotel. A gem in European stop-motion animation with surreal overtones.","<strong>Director</strong><br />Heinrich Sabl<br /><br /><strong>Writer</strong>&nbsp;<br />Heinrich Sabl&nbsp;<br /><br /><strong>Cinematographer</strong>&nbsp;<br />Heinrich Sabl&nbsp;<br /><br /><strong>Editor</strong>&nbsp;<br />Enrico Basl&nbsp;<br /><br /><strong>With</strong>&nbsp;<br />Svenja Liesau, Dagmar Manzel, Elsa Seusing&nbsp;",Fiction,Anima't,,,Feature film,German; Russian,Germany; France,https://sitgesfilmfestival.com/en/film/2025/memory-hotel
2196-film_session,2025-10-09T14:45:00,2025-10-09T16:07:00,82,Sala Tramuntana Meliá,False,False,2025-10-09,13274-film,The True Beauty of Being Bitten by a Tick,The True Beauty of Being Bitten by a Tick,2025,82,Pete Ohs,"Trained in the field of editing, he has directed feature films that have garnered awards at festivals such as Everything Beautiful Is Far Away (2017) and Jethica (2022).",A woman visits her friend's countryside home and joins a small group of guests to experience what promises to be a relaxed weekend of fine dining and games. But everything is going to change when she&rsquo;s bitten by a tick and a series of disturbing events are set in motion that will wind up turning their idyllic retreat into something sinister. A highly disturbing indie horror movie that was a big hit at the most recent SXSW film festival.,"<p><strong>Director</strong><br />Pete Ohs<br /><br /><strong>Writer</strong><br />Pete Ohs, Callie Hernandez, Jeremy O. Harris, Zo&euml; Chao, James Cusati-Moyer&nbsp;<br /><br /><strong>Cinematographer</strong><br />Pete Ohs&nbsp;<br /><br /><strong>Editor</strong><br />Pete Ohs&nbsp;<br /></p><p><strong>With</strong></p><p>Zo&euml; Chao, Callie Hernandez, Jeremy O. Harris&nbsp;</p>&nbsp;&nbsp;&nbsp;&nbsp;",Fiction,Noves Visions,,,Feature film,English,United States of America (the),https://sitgesfilmfestival.com/en/film/2025/true-beauty-being-bitten-tick
2531-film_session,2025-10-09T15:00:00,2025-10-09T16:44:00,104,Sala Auditori Meliá,True,False,2025-10-09,13221-film,Shelby Oaks,Shelby Oaks,2024,99,,,,,Fiction,Panorama - Inauguració,,,Feature film,English,United States of America (the),https://sitgesfilmfestival.com/en/film/2025/shelby-oaks
2381-film_session,2025-10-09T16:30:00,2025-10-09T18:06:00,96,Sala Tramuntana Meliá,False,False,2025-10-09,12147-film,The Virgin of the Quarry Lake,La virgen de la tosquera,2025,96,Laura Casabé,"Argentinian filmmaker who has become one of the most prominent voices in contemporary fantastique, with films that include Benavídez's Case (2016) and The Returned (2019).","Buenos Aires. All three of them are in love with Diego, their lifelong friend. But then &ldquo;their&rdquo; Diego meets Silvia at an online chat room. Natalia, with the help of her grandmother Rita, casts a spell on Diego and Silvia. The spell doesn&rsquo;t work, but from that moment on, something new and unknown manifests itself inside Natalia. The first and long-awaited film adaptation of Mariana Enr&iacute;quez&rsquo;s literary work.","<p><strong>Director</strong></p><p><strong></strong>Laura Casab&eacute;</p><p><br /><strong>Writer</strong>&nbsp;<br />Benjam&iacute;n Naishtat&nbsp;<br /><br /><strong>Cinematograph</strong>&nbsp;<br />Diego Tenorio&nbsp;<br /><br /><strong>Editor</strong>&nbsp;<br />Ana Rem&oacute;n, Miguel Schverdfinger&nbsp;<br /><br /><strong>With</strong>&nbsp;<br />Dolores Oliverio, Luisa Merelas, Fernanda Echevarr&iacute;a&nbsp;</p>",Fiction,Oficial Fantàstic Competició,,,Feature film,Spanish,Argentina; Mexico; Spain,https://sitgesfilmfestival.com/en/film/2025/virgen-tosquera
2412-film_session,2025-10-09T16:45:00,2025-10-09T18:34:00,109,Cinema Escorxador,True,True,2025-10-09,12136-film,About a Hero,About a Hero,2024,84,Piotr Winiewicz,"Artist, filmmaker, and set designer, he graduated from the Academy of Fine Arts Vienna. His debut film, About a Hero, opened the International Documentary Film Festival Amsterdam","Following the death of a worker under mysterious circumstances, filmmaker Werner Herzog travels to Getunkirchenburg to investigate his perplexing demise. But Herzog, our narrator, isn&rsquo;t who he appears to be, and the film isn&rsquo;t what we were expecting either. A combination of artificial intelligence and the German director's work, About a Hero comes across as an unsettling experience that raises questions about a world where AI is more and more pervasive.","<strong>Director</strong><br />Piotr Winiewicz<br /><br /><strong>Writer</strong>&nbsp;<br />Anna Juul, Piotr Winiewicz&nbsp;<br /><br /><strong>Cinematographer</strong>&nbsp;<br />Emil Aagaard&nbsp;<br /><br /><strong>Editor</strong>&nbsp;<br />Michael Aaglund, Julius Krebs Damsbo&nbsp;<br /><br /><strong>With</strong>&nbsp;<br />Imme Beccard, Steffen B&ouml;ye, Thomas Ebert&nbsp;",Documentary,Noves Visions - Sessió Especial,,,Feature film,English; German,Denmark; United States of America (the); Germany,https://sitgesfilmfestival.com/en/film/2025/about-hero
2151-film_session,2025-10-09T18:00:00,2025-10-09T20:28:00,148,Cinema Casino Prado,True,False,2025-10-09,12197-film,Bokshi,Bokshi,2025,143,Bhargav Saikia,"Cineasta establert a Bombai, Bokshi és la seva primera pel·lícula com a director, estrenada mundialment al passat Festival Internacional de Cinema de Rotterdam.","Anahita, traumatized by her mother's brutal disappearance, finds comfort in Shalini, her history teacher. While on an unconventional school trip to a mysterious prehistoric site, she will find herself forced to confront her terrifying destiny. Filmmaking from India joins the current revival of folk horror with a production that has been compared to other recent hits from this subgenre, such as Midsommar and In the Earth.<br /><br />&nbsp;<br /><br />&nbsp;","<p><strong>Director</strong><br />Bhargav Saikia&nbsp;<br /><strong>Writer</strong></p><p>Harsh Vaibhav&nbsp;<br /><br /><strong>Cinematograph</strong>&nbsp;<br />Siddharth Sivasankaran, A. Vasanth&nbsp;<br /><br /><strong>Editor&nbsp;</strong><br />Himanshu Chutia Saikia&nbsp;<br /><br /><strong>With</strong><br />Prasanna Bisht, Mansi Multani, Dagi Ngomdir&nbsp;<br /><br /></p>&nbsp;",Fiction,Panorama,,,Feature film,Hindi; English; Nepali; Invented Language,India,https://sitgesfilmfestival.com/en/film/2025/bokshi
2214-film_session,2025-10-09T18:00:00,2025-10-09T19:27:00,87,Sala Llevant,False,False,2025-10-09,13296-film,Two Thousand Maniacs!,Two Thousand Maniacs!,1964,87,,,"A group of American tourists take a detour and arrive in Pleasant Valley, a town that has magically reemerged a hundred years after its destruction during the American Civil War. Welcomed by the locals as guests of honor at their party, they are unaware that the celebration includes torture, death, and dismemberment.",<strong>Director</strong><br />Herschell Gordon Lewis ,,Brigadoon,,,Feature film,English,United States of America (the),https://sitgesfilmfestival.com/en/film/2025/two-thousand-maniacs
2377-film_session,2025-10-09T18:30:00,2025-10-09T20:18:00,108,Sala Tramuntana Meliá,False,False,2025-10-09,12154-film,Mother's Baby,Mother's Baby,2025,108,Johanna Moder,Austrian director and screenwriter trained at the Film Academy Vienna. She has directed feature films including High Performance (2014) and Once Were Rebels (2019).,"Julia, a 40-year-old orchestra conductor, and her partner, Georg, are longing to have a baby when Dr. Vilfort offers them hope. In fact, Julia gets pregnant after undergoing treatment at the clinic of a doctor who is a fertility specialist. But the birth doesn't go as planned and the baby is taken away immediately, leaving J&uacute;lia in the dark about what has really happened. When she&rsquo;s finally reunited with her son, J&uacute;lia senses a distance. And she begins to doubt that he&rsquo;s actually her son.","<p><strong>Director</strong></p><p>Johanna Moder<br /><br /><strong>Writer</strong>&nbsp;<br />Johanna Moder, Arne Kohlweyer&nbsp;<br /><br /><strong>Cinematograph</strong>&nbsp;<br />Robert Oberrainer&nbsp;<br /><br /><strong>Editor</strong>&nbsp;<br />Karin Hammer&nbsp;<br /><br /><strong>With</strong>&nbsp;<br />Marie Leuenberger, Hans L&ouml;w, Claes Bang&nbsp;</p>",Fiction,Oficial Fantàstic Competició,,,Feature film,German,Austria; Switzerland; Germany,https://sitgesfilmfestival.com/en/film/2025/mothers-baby
2474-film_session,2025-10-09T18:45:00,2025-10-09T22:03:00,198,Sala Auditori Meliá,True,False,2025-10-09,12139-film,Alpha,Alpha,2025,122,Julia Ducournau,,"Alpha is a 13-year-old girl who lives alone with her mother. Their world comes crashing down the day the young girl returns home with an A tattooed on her arm. A stimulating production that uses horror (both physical and metaphorical) to speak about the need to love and be loved. Featuring an extremely powerful cast, led by an unrecognizable Tahar Rahim and a chameleonic Golshifteh Farahani, Alpha explores new ways of speaking about family relationships and body modifications.","<strong>Director</strong><br />Julia Ducournau  <br /><strong>Writer</strong><br />Julia Ducournau  <br /><strong>Cinematography</strong><br />Ruben Impens  <br /><strong>Editor</strong><br />Jean-Christophe Bouzy  <br /><strong>With</strong><br />Tahar Rahim, Golshifteh Farahani, M&eacute;lissa Boros",Fiction,Inauguració,,,Feature film,French,France; Belgium,https://sitgesfilmfestival.com/en/film/2025/alpha
2198-film_session,2025-10-09T18:45:00,2025-10-09T21:02:00,137,Cinema Escorxador,False,False,2025-10-09,13276-film,The Vincent Price Legacy,The Vincent Price Legacy,2025,137,Laurent Ohmansiek,"With a background as a film editor, he has directed several documentaries about cinema, including the acclaimed Planet of the Tapes (2019).","A documentary that reveals the man who was behind the horror legend, giving a voice to his family, friends, filmmakers, colleagues, historians, and fans. This journey through his life and career, where key names in popular culture all associated with genre appear, including Rob Zombie, Alice Cooper, David Dastmalchian, and Joe Dante, demonstrates that Vincent Price's cinematic legacy and his impact on pop culture are still more alive than ever.","<strong>Director</strong><br />Laurent Ohmansiek<br /><br /><strong>Writer</strong>&nbsp;<br />Laurent Ohmansiek&nbsp;<br /><br /><strong>Cinematographer</strong>&nbsp;<br />Jim Kunz, Sara Appleton, Alexander Sommer&nbsp;<br /><br /><strong>Editor</strong>&nbsp;<br />The Vegan Satanist&nbsp;<br /><br /><strong>With</strong>&nbsp;<br />Victorcia Price, Mick Garris, Joe Dante&nbsp;",Documentary,Sitges Documenta,,,Feature film,English,Germany,https://sitgesfilmfestival.com/en/film/2025/vincent-price-legacy
2333-film_session,2025-10-09T20:00:00,2025-10-09T22:01:00,121,Sala Llevant,False,False,2025-10-09,13234-film,Supervivientes de los Andes,Supervivientes de los Andes,1976,121,René Cardona,,A plane crashes in the Andes. The struggle against cold and hunger forces the passengers to make a series of extreme decisions if they want to survive.,<strong>Director</strong><br />Ren&eacute; Cardona ,,Brigadoon,,,Feature film,Spanish; English,Mexico,https://sitgesfilmfestival.com/en/film/2025/supervivientes-andes
2498-film_session,2025-10-09T20:30:00,2025-10-09T22:28:00,118,Sala Tramuntana Meliá,True,False,2025-10-09,13165-film,Mag Mag,禍禍女,2025,113,Yuriyan Retriever,"An expert at performing sketches and impersonations, her characters as a comic actress are widely loved by the public. Mag Mag is her directorial debut.","When Mag Mag the ghost kills her sweetheart, Sanae is gripped by a craving for justice, although she will soon discover the true identity of the person who she should really be seeking revenge on. Renowned Japanese comedian Yuriyan Retriever uses autofiction to construct a crazy love story based on her own painful romantic experiences. This twisted tale ingeniously combines horror and humor, making a powerful statement as a female creator.","<strong>Director</strong><br />Yuriyan Retriever<br /><br /><strong>Writer</strong>&nbsp;<br />Eisuke Naito&nbsp;<br /><br /><strong>Cinematographer</strong>&nbsp;<br />Hideki Shima&nbsp;<br /><br /><strong>Editor</strong>&nbsp;<br />Taki Yasuda&nbsp;<br /><br /><strong>With</strong>&nbsp;<br />Sara Minami, Maeda Oshiro, Aoi Yamada&nbsp;",Fiction,Panorama,,,Feature film,Japanese,Japan,https://sitgesfilmfestival.com/en/film/2025/mag-mag
2150-film_session,2025-10-09T20:45:00,2025-10-09T22:29:00,104,Cinema Casino Prado,True,False,2025-10-09,13221-film,Shelby Oaks,Shelby Oaks,2024,99,,,,,Fiction,Panorama - Inauguració,,,Feature film,English,United States of America (the),https://sitgesfilmfestival.com/en/film/2025/shelby-oaks
2279-film_session,2025-10-09T21:15:00,2025-10-09T23:24:00,129,Cinema Escorxador,False,False,2025-10-09,13219-film,Sham,Detchiage - Satsujin Kyoshi to Yobareta Otoko,2025,129,Takashi Miike,"Japanese filmmaker who received the Time Machine Award in 2003, his filmography is full of classics such as the Dead or Alive trilogy, The Happiness of the Katakuris (2001) and Gozu (2003).","A young student showing signs of bullying at school receives help from his parents in the form of a lawsuit against the teacher who is alleged to have psychologically tortured their son. However, the truth could be very different, setting in motion a perverse legal battle that will have a heartbreaking and unexpected outcome. The director of the highly acclaimed Audition and Ichi the Killer returns to his favorite Festival with a provocative and tense thriller.","<strong>Director</strong><br />Takashi Miike<br /><br /><strong>Writer</strong>&nbsp;<br />Hayashi Mori&nbsp;<br /><br /><strong>Cinematograph</strong>&nbsp;<br />Hideo Yamamoto&nbsp;<br /><br /><strong>Editor</strong>&nbsp;<br />Naoichiro Sagara&nbsp;<br /><br /><strong>With</strong>&nbsp;<br />G&ocirc; Ayano, K&ocirc; Shibasaki&nbsp;",Fiction,Òrbita - Sessions Especials,,,Feature film,Japanese,Japan,https://sitgesfilmfestival.com/en/film/2025/sham
2169-film_session,2025-10-09T22:30:00,2025-10-09T23:55:00,85,Sala Llevant,False,False,2025-10-09,13247-film,The Devil,The Devil,1981,85,,,A witch is capable of turning the kindest person into a psychopath with a death wish and causing insects and vermin to devour the human body from the inside out.,<strong>Director</strong><br />Chang Jen-Chieh,,Brigadoon,,,Feature film,Mandarin,Taiwan,https://sitgesfilmfestival.com/en/film/2025/devil
2156-film_session,2025-10-09T22:30:00,2025-10-10T00:24:00,114,Sala Auditori Meliá,True,False,2025-10-09,13302-film,Vieja loca,Vieja loca,2024,94,,,,,Fiction,Sitges Collection,,,Feature film,Spanish,Argentina; Spain; United States of America (the),https://sitgesfilmfestival.com/en/film/2025/vieja-loca
2385-film_session,2025-10-09T22:45:00,2025-10-10T00:33:00,108,Sala Tramuntana Meliá,False,False,2025-10-09,12186-film,Death of a Unicorn,Death of a Unicorn,2025,108,Alex Scharfman,"After producing films that have been screened at Sitges, including Resurrection (2022) and House of Spoils (2024), he takes the big leap to directing with Death of a Unicorn.","A father and his daughter accidentally hit and kill a unicorn while they&rsquo;re on their way to a weekend retreat at his multimillionaire boss's house. Once there, the eccentric, authoritarian businessman will try to exploit the creature's miraculous healing properties. A black comedy with a fantastique twist and a truly spectacular cast: Jenna Ortega, Paul Rudd, Richard E. Grant, T&eacute;a Leoni, and Will Poulter.","<strong>Director</strong><br />Alex Scharfman  <br /><strong>Writer</strong><br />Alex Scharfman  <br /><strong>Cinematography</strong><br />Larry Fong  <br /><strong>Editor</strong><br />Ron Dulin  <br /><strong>With</strong><br />Jenna Ortega, Paul Rudd, Will Poulter",Fiction,Oficial Fantàstic Competició,,,Feature film,English,United States of America (the),https://sitgesfilmfestival.com/en/film/2025/death-unicorn
2149-film_session,2025-10-09T23:00:00,2025-10-10T01:02:00,122,Cinema Casino Prado,False,False,2025-10-09,12139-film,Alpha,Alpha,2025,122,Julia Ducournau,,"Alpha is a 13-year-old girl who lives alone with her mother. Their world comes crashing down the day the young girl returns home with an A tattooed on her arm. A stimulating production that uses horror (both physical and metaphorical) to speak about the need to love and be loved. Featuring an extremely powerful cast, led by an unrecognizable Tahar Rahim and a chameleonic Golshifteh Farahani, Alpha explores new ways of speaking about family relationships and body modifications.","<strong>Director</strong><br />Julia Ducournau  <br /><strong>Writer</strong><br />Julia Ducournau  <br /><strong>Cinematography</strong><br />Ruben Impens  <br /><strong>Editor</strong><br />Jean-Christophe Bouzy  <br /><strong>With</strong><br />Tahar Rahim, Golshifteh Farahani, M&eacute;lissa Boros",Fiction,Inauguració,,,Feature film,French,France; Belgium,https://sitgesfilmfestival.com/en/film/2025/alpha
2254-film_session,2025-10-09T23:45:00,2025-10-10T01:24:00,99,Cinema Escorxador,False,False,2025-10-09,12181-film,Buffet Infinity,Buffet Infinity,2025,99,Simon Glassman,Some of his videos as a comedian have racked up millions of views. Buffet Infinity is his first foray into film.,"Made from hundreds of hours of low-budget television commercials created by the director himself, this debut feature film tells the sinister story of two restaurants that are battling it out in a fictional town in Westridge County. Awarded a Special Jury Mention at the most recent edition of the Fantasia Film Festival, this narratively experimental film, inspired by the classic Canadian comedy show SCTV, is as original as it is hypnotic.","<strong>Director</strong><br />Simon Glassman<br /><br /><strong>Writer</strong>&nbsp;<br />Simon Glassman&nbsp;<br /><br /><strong>Cinematographer</strong><br />Edgar Pinzon&nbsp;<br /><br /><strong>Editor</strong>&nbsp;<br />Simon Glassman&nbsp;<br />&nbsp;<br /><strong>With</strong><br />Kevin Singh, Ahmed Ahmed, Brandon Vanderwall&nbsp;",Fiction,Noves Visions,,,Feature film,English,Canada,https://sitgesfilmfestival.com/en/film/2025/buffet-infinity
2565-film_session,2025-10-10T00:45:00,2025-10-10T02:44:00,119,Sala Auditori Meliá,True,False,2025-10-10,13299-film,V/H/S/Halloween,V/H/S/Halloween,2025,114,,,"Our favorite found footage franchise is back, and on this occasion, it&rsquo;s celebrating the spooky season with a collection of Halloween-themed videotapes that unleash a series of macabre and blood-soaked stories, turning trick-or-treating into a genuine struggle for survival. This latest installment features stories by Alex Ross Perry, director of Her Smell (2018), Paco Plaza, creator of Veronica (2017), and Anna Zlokovic, filmmaker behind Appendage (2023), among others.","<strong>Director</strong><br />Casper Kelly, Bryan M. Ferguson, R.H. Norman, Alex Ross Perry, Micheline Pitt, Paco Plaza, Anna Zlokovic  <br /><strong>Guion</strong><br />Bryan M. Ferguson, Alberto Marini, R.H.Normal, Micheline Pitt, Paco Plaza, Anna Zlokovic  <br /><strong>Fotograf&iacute;a</strong> <br />Adri&aacute;n Hern&aacute;ndez, Robert Kolodny, Owen Laird, Powell Robinson  <br /><strong>Editor</strong><br />Alex Familian, Bryan M. Ferguson, Robert Kolodny  <br /><strong>With</strong><strong></strong><br />Lawson Greyson, Sarah Nicklin, Jenna Hogan",Fiction,Sitges Collection,,,Feature film,English,United States of America (the),https://sitgesfilmfestival.com/en/film/2025/vhshalloween
2382-film_session,2025-10-10T00:45:00,2025-10-10T02:13:00,88,Sala Tramuntana Meliá,False,False,2025-10-10,12201-film,Rabbit Trap,Rabbit Trap,2025,88,Bryn Chainey,"English director and screenwriter. His short films have been screened at over a hundred international festivals, including the Berlinale, Rotterdam, Edinburgh, and Palm Springs.","Daphne, an experimental musician, and her husband, who helps her by recording strange sounds, move to a remote house in Wales. But the music they create has an unexpected effect: it disturbs the ancient local folk magic, drawing a nameless boy to their door, one who is intent on infiltrating their lives. One of the most unique folk horror productions of the year, supported by a splendid Dev Patel (Slumdog Millionaire) and Rosy McEwen (Blue Jean).","<strong>Director</strong> <br />Bryn Chainey  <br /><strong>Writer</strong> <br />Bryn Chainey  <br /><strong>Cinematography</strong> <br />Andreas Johannessen  <br /><strong>Editor</strong> <br />Sam Sneade  <br /><strong>With</strong> <br />Dev Patel, Rosy McEwen, Jade Croot",Fiction,Panorama,,,Feature film,English,United Kingdom of Great Britain and Northern Ireland (the); United States of America (the),https://sitgesfilmfestival.com/en/film/2025/rabbit-trap
2251-film_session,2025-10-10T08:15:00,2025-10-10T09:52:00,97,Cinema Escorxador,False,False,2025-10-10,13091-film,Dog of God,DIEVA SUNS,2025,97,Raitis Abele and Lauris Abele,"A duo of directors, producers, editors, and screenwriters, often joined by their younger brother, Marcis, as director of photography.","In a 17th-century Swedish village in Livonia, constant rain and drunkenness reign supreme. When a stolen relic triggers accusations of witchcraft, an 80-year-old self-proclaimed werewolf named &ldquo;Dog of God&rdquo; arrives in town with a mysterious gift: the Devil&rsquo;s Balls. A perverse and fascinating fairy tale that will remain engraved in fire in the subconscious of all viewers like a sort of feverish dream, or more precisely, an exquisite nightmare.","<strong>Director</strong><br />Raitis Abele, Lauris Abele&nbsp;<br /><br /><strong>Writer</strong>&nbsp;<br />Ivo Briedis, Raitis Abele, Lauris Abele, Harijs Grundmanis&nbsp;<br /><br /><strong>Cinematographer</strong>&nbsp;<br />Marcis Abele&nbsp;<br /><br /><strong>Editor</strong>&nbsp;<br />Raitis Abele, Lauris Abele&nbsp;<br /><br /><strong>With</strong>&nbsp;<br />Agate Krista, Jurgis Spulenieks, Regnars Vaivars&nbsp;",Fiction,Anima't,,,Feature film,Latvian; German,Latvia; United States of America (the),https://sitgesfilmfestival.com/en/film/2025/dog-god
2157-film_session,2025-10-10T08:15:00,2025-10-10T09:57:00,102,Sala Auditori Meliá,False,False,2025-10-10,13285-film,Together,Together,2024,102,Michael Shanks,"Recipient of awards for his work as a screenwriter, director, and editor, he also stands out as a visual effects artist and composer. Together is his feature film debut.","After moving to the countryside, a couple going through a crisis will test their limits when they discover a cave inhabited by supernatural forces. After drinking water from this strange place, they will undergo an extreme transformation that will affect them both physically and emotionally. A Cronenbergian portrait of romantic codependency that adopts body horror as its banner, allowing the chemistry between its co-stars, Alison Brie and Dave Franco - a couple since 2017 - to go beyond the screen.","<strong>Director</strong><br />Michael Shanks  <br /><strong>Writer</strong><br />Michael Shanks  <br /><strong>Cinematography</strong><br />Germain McMicking  <br /><strong>Editor</strong><br />Sean Lahiff  <br /><strong>With</strong><br />Dave Franco, Alison Brie, Damon Herriman",Fiction,Oficial Fantàstic Competició,,,Feature film,English,Australia,https://sitgesfilmfestival.com/en/film/2025/together
2209-film_session,2025-10-10T08:30:00,2025-10-10T10:07:00,97,Sala Tramuntana Meliá,False,False,2025-10-10,13290-film,Transcending Dimensions,次元を超える,2025,97,Toshiaki Toyoda,"He made his directorial debut withTokyo Rampage(1999), a film that earned him the Directors Guild of Japan New Directors Award.","Monk Rosuke has disappeared. His lover, Nonoka, takes the assassin Shinno to a religious center to search for Rosuke. There they meet a sorcerer named Ajari. Meanwhile, Rosuke travels in a spaceship headed for an unknown planet known as Kelman, where he encounters a strange, elderly man, a coincidence that will lead to a battle of sorcery between Rosuke, Shinno, and Ajari. A genuine mixture of genres steeped in jazz and witchcraft.","<strong>Director</strong><br />Toshiaki Toyoda  <br /><strong>Writer</strong><br />Toshiaki Toyoda  <br /><strong>Cinematography</strong><br />Kenji Maki  <br /><strong>Editor</strong><br />Masaki Murakami  <br /><strong>With</strong><br />Yosuke Kubozuka, Ryuhei Matsuda, Chihara Jr.",Fiction,Noves Visions,,,Feature film,Japanese,Japan,https://sitgesfilmfestival.com/en/film/2025/transcending-dimensions
2571-film_session,2025-10-10T10:15:00,2025-10-10T12:09:00,114,Cinema Escorxador,False,True,2025-10-10,13201-film,Piranha,Piranha,0,94,,,,,,Sitges Clàssics,,,Feature film,English,,https://sitgesfilmfestival.com/en/film/2025/piranha
2158-film_session,2025-10-10T10:15:00,2025-10-10T12:03:00,108,Sala Auditori Meliá,False,False,2025-10-10,12186-film,Death of a Unicorn,Death of a Unicorn,2025,108,Alex Scharfman,"After producing films that have been screened at Sitges, including Resurrection (2022) and House of Spoils (2024), he takes the big leap to directing with Death of a Unicorn.","A father and his daughter accidentally hit and kill a unicorn while they&rsquo;re on their way to a weekend retreat at his multimillionaire boss's house. Once there, the eccentric, authoritarian businessman will try to exploit the creature's miraculous healing properties. A black comedy with a fantastique twist and a truly spectacular cast: Jenna Ortega, Paul Rudd, Richard E. Grant, T&eacute;a Leoni, and Will Poulter.","<strong>Director</strong><br />Alex Scharfman  <br /><strong>Writer</strong><br />Alex Scharfman  <br /><strong>Cinematography</strong><br />Larry Fong  <br /><strong>Editor</strong><br />Ron Dulin  <br /><strong>With</strong><br />Jenna Ortega, Paul Rudd, Will Poulter",Fiction,Oficial Fantàstic Competició,,,Feature film,English,United States of America (the),https://sitgesfilmfestival.com/en/film/2025/death-unicorn
2355-film_session,2025-10-10T10:30:00,2025-10-10T11:54:00,84,Sala Tramuntana Meliá,False,False,2025-10-10,12204-film,Dead Lover,Dead Lover,2025,84,Grace Glowicki,"Canadian director, screenwriter, and actress, Dead Lover is her second feature film behind the camera, after debuting in 2019 with Tito.","A lonely gravedigger, whose body stinks of dead flesh, finally winds up meeting the man of her dreams. But soon after, their blissful love life is cut short by a tragic event: her prince charming dies, drowned at sea. Determined to bring him back to life no matter what it takes, the gravedigger will begin to conduct a series of crazy and... very morbid scientific experiments. One of the huge sensations in the Midnight section at the most recent Sundance Film Festival.","<strong>Director</strong> <br />Grace Glowicki  <br /><strong>Writer</strong> <br />Grace Glowicki, Ben Petrie  <br /><strong>Cinematography</strong> <br />Rhayne Vermette  <br /><strong>Editor</strong> <br />Lev Lewis  <br /><strong>With</strong> <br />Grace Glowicki, Ben Petrie, Leah Doz",Fiction,Noves Visions,,,Feature film,English,Canada,https://sitgesfilmfestival.com/en/film/2025/dead-lover
2176-film_session,2025-10-10T12:15:00,2025-10-10T13:52:00,97,Sala Auditori Meliá,False,False,2025-10-10,12173-film,The Home (James DeMonaco),The Home (James DeMonaco),2025,97,James DeMonaco,Screenwriter and director known for the The Purge series. He has scripted major hits includingThe Negotiatorand the remake of Assault on Precinct 13.,"Max, a graffiti artist who manages to dodge jail time by working as a janitor at a retirement home, will soon come to realize that its residents and caregivers are hiding some very sinister secrets. Somewhere between creepy and absurd, this supernatural horror film production rises up as a critical commentary on the American system of care for the elderly, while also confirming Pete Davidson's talent for combining horror with comedy.","<strong>Director</strong><br />James DeMonaco<br /><br /><strong>Writer</strong>&nbsp;<br />James DeMonaco, Adam Cantor&nbsp;<br /><br /><strong>Cinematographer</strong>&nbsp;<br />Anastas N. Michos&nbsp;<br /><br /><strong>Editor</strong>&nbsp;<br />Todd E. Miller&nbsp;<br /><br /><strong>With</strong>&nbsp;<br />Pete Davidson, John Glover, Bruce Altman&nbsp;",Fiction,Sitges Collection,,,Feature film,English,United States of America (the),https://sitgesfilmfestival.com/en/film/2025/home-james-demonaco
2378-film_session,2025-10-10T12:30:00,2025-10-10T13:59:00,89,Sala Tramuntana Meliá,False,False,2025-10-10,13204-film,Primate,Primate,2025,89,,,,,Fiction,Sitges Collection,,,Feature film,English,United States of America (the),https://sitgesfilmfestival.com/en/film/2025/primate
2252-film_session,2025-10-10T12:30:00,2025-10-10T14:38:00,128,Cinema Escorxador,False,False,2025-10-10,13199-film,Picnic at Hanging Rock (4K),Picnic at Hanging Rock (4K),1975,108,,,"During a summer picnic on Valentine's Day in 1900, a series of supernatural phenomena take place: time stands still, several students black out, and three of them, along with a teacher, disappear without a trace, a mysterious event that will affect the rest of the schoolgirls. A masterpiece in Australian fantastic genre filmmaking and the pinnacle of folk horror, with stunning cinematography by Russell Boyd.","<strong>Director</strong><br />Peter Weir  <br /><strong>Writer</strong><br />Cliff Green, Joan Lindsay  <br /><strong>Cinematography</strong><br />Russell Boyd  <br /><strong>Editor</strong><br />Max Lemon  <br /><strong>Con</strong><br />Rachel Roberts, Vivean Gray, Helen Morse",Fiction,Sitges Clàssics,,,Feature film,English,Australia,https://sitgesfilmfestival.com/en/film/2025/picnic-hanging-rock-4k
2225-film_session,2025-10-10T13:30:00,2025-10-10T15:17:00,107,Cinema Casino Prado,False,False,2025-10-10,13257-film,Xana y el secreto del tiempo (The Girl Who Stole Time),Endless Journey of Love,2025,107,,,,,Fiction,Anima't,,,Feature film,Chinese,China,https://sitgesfilmfestival.com/en/film/2025/girl-who-stole-time
2408-film_session,2025-10-10T14:15:00,2025-10-10T16:08:00,113,Sala Auditori Meliá,True,False,2025-10-10,12154-film,Mother's Baby,Mother's Baby,2025,108,Johanna Moder,Austrian director and screenwriter trained at the Film Academy Vienna. She has directed feature films including High Performance (2014) and Once Were Rebels (2019).,"Julia, a 40-year-old orchestra conductor, and her partner, Georg, are longing to have a baby when Dr. Vilfort offers them hope. In fact, Julia gets pregnant after undergoing treatment at the clinic of a doctor who is a fertility specialist. But the birth doesn't go as planned and the baby is taken away immediately, leaving J&uacute;lia in the dark about what has really happened. When she&rsquo;s finally reunited with her son, J&uacute;lia senses a distance. And she begins to doubt that he&rsquo;s actually her son.","<p><strong>Director</strong></p><p>Johanna Moder<br /><br /><strong>Writer</strong>&nbsp;<br />Johanna Moder, Arne Kohlweyer&nbsp;<br /><br /><strong>Cinematograph</strong>&nbsp;<br />Robert Oberrainer&nbsp;<br /><br /><strong>Editor</strong>&nbsp;<br />Karin Hammer&nbsp;<br /><br /><strong>With</strong>&nbsp;<br />Marie Leuenberger, Hans L&ouml;w, Claes Bang&nbsp;</p>",Fiction,Oficial Fantàstic Competició,,,Feature film,German,Austria; Switzerland; Germany,https://sitgesfilmfestival.com/en/film/2025/mothers-baby
2391-film_session,2025-10-10T14:30:00,2025-10-10T16:24:00,114,Sala Tramuntana Meliá,False,False,2025-10-10,13254-film,The Furious,The Furious,2025,114,Kenji Tanigaki,"Captivated by action films since he was a little boy, he has developed his career as a director and action choreographer in Hong Kong.","Rainy, the daughter of martial arts expert Wang Wei, is kidnapped by a child trafficking ring. In a frantic attempt to get her back, her father decides to wage war, confronting numerous obstacles as he fights against criminals and corrupt police officers. Along the way, he meets Navin, a journalist who is searching for his missing wife. The two of them deploy their combat skills while discovering the virtues of mutual trust.","<strong>Director</strong><br />Kenji Tanigaki<br /><br /><strong>Writer</strong>&nbsp;<br />Mak Tin Shu, Lei Zhilong, Shum Kwan Sin, Frank Hui&nbsp;<br /><br /><strong>Cinematographer</strong>&nbsp;<br />Meteor Cheung&nbsp;<br /><br /><strong>Editor</strong>&nbsp;<br />Chris Tonick&nbsp;<br /><br /><strong>With</strong>&nbsp;<br />Xie Miao, Joe Taslim, Yang Enyou&nbsp;",Fiction,Oficial Fantàstic Competició,,,Feature film,English; Mandarin; Tagalog,Hong Kong; China,https://sitgesfilmfestival.com/en/film/2025/furious
2324-film_session,2025-10-10T15:00:00,2025-10-10T16:25:00,85,Sala Llevant,False,False,2025-10-10,13239-film,TerrorVision,TerrorVision,1986,85,,,"The eccentric Putterman family installs a new satellite television system in their home. Through the satellite dish, they begin to receive signals from aliens from another planet.",<strong>Director</strong><br />Ted Nicolaou,,Brigadoon,,,Feature film,English,United States of America (the),https://sitgesfilmfestival.com/en/film/2025/terrorvision
2409-film_session,2025-10-10T15:30:00,2025-10-10T17:12:00,102,Cinema Escorxador,True,False,2025-10-10,13312-film,1000 Women in Horror,1000 Women in Horror,0,97,,,,,,Sitges Documenta,,,Feature film,English,,https://sitgesfilmfestival.com/en/film/2025/1000-women-horror
2148-film_session,2025-10-10T15:30:00,2025-10-10T16:58:00,88,Cinema Casino Prado,False,False,2025-10-10,12201-film,Rabbit Trap,Rabbit Trap,2025,88,Bryn Chainey,"English director and screenwriter. His short films have been screened at over a hundred international festivals, including the Berlinale, Rotterdam, Edinburgh, and Palm Springs.","Daphne, an experimental musician, and her husband, who helps her by recording strange sounds, move to a remote house in Wales. But the music they create has an unexpected effect: it disturbs the ancient local folk magic, drawing a nameless boy to their door, one who is intent on infiltrating their lives. One of the most unique folk horror productions of the year, supported by a splendid Dev Patel (Slumdog Millionaire) and Rosy McEwen (Blue Jean).","<strong>Director</strong> <br />Bryn Chainey  <br /><strong>Writer</strong> <br />Bryn Chainey  <br /><strong>Cinematography</strong> <br />Andreas Johannessen  <br /><strong>Editor</strong> <br />Sam Sneade  <br /><strong>With</strong> <br />Dev Patel, Rosy McEwen, Jade Croot",Fiction,Panorama,,,Feature film,English,United Kingdom of Great Britain and Northern Ireland (the); United States of America (the),https://sitgesfilmfestival.com/en/film/2025/rabbit-trap
2297-film_session,2025-10-10T16:30:00,2025-10-10T17:59:00,89,Sala Auditori Meliá,False,False,2025-10-10,13204-film,Primate,Primate,2025,89,,,,,Fiction,Sitges Collection,,,Feature film,English,United States of America (the),https://sitgesfilmfestival.com/en/film/2025/primate
2354-film_session,2025-10-10T16:45:00,2025-10-10T18:35:00,110,Sala Tramuntana Meliá,False,False,2025-10-10,12215-film,La hermanastra fea,Den stygge stesøsteren,2025,110,Emilie Blichfeldt,"Known for her daring and provocative short films, her graduation project from the Norwegian Film School, Sara's Intimate Confessions (2018), was screened at both the Locarno and Clermont-Ferrand film festivals.","Elvira, the ugly stepsister in a well-to-do family, gets ready to win over the prince's affections at any cost. In a kingdom where beauty is a ruthless business, Elvira will compete with the gorgeous and charming Agnes, her beautiful stepsister, to become the queen of the ball. A sinister retelling of the Cinderella story with high doses of body horror, it was a smash hit in the midnight section of the Sundance Film Festival.<br /><br />&nbsp;","<strong>Director</strong><br />Emilie Blichfeldt<br /><br /><strong>Writer</strong><br />Emilie Blichfeldt&nbsp;<br /><br /><strong>Cinematograph</strong>&nbsp;<br />Marcel Zyskind&nbsp;<br /><br /><strong>Editor</strong>&nbsp;<br />Olivia Neergaard-Holm&nbsp;<br /><br /><strong>With</strong>&nbsp;<br />Lea Myren, Ane Dahl Torp, Thea Sofie Loch N&aelig;ss&nbsp;",Fiction,Oficial Fantàstic Competició,,,Feature film,Norwegian,Norway; Poland; Denmark; Romania; Sweden,https://sitgesfilmfestival.com/en/film/2025/hermanastra-fea
2326-film_session,2025-10-10T17:00:00,2025-10-10T18:35:00,95,Sala Llevant,False,False,2025-10-10,13160-film,Los cántabros,Los cántabros,1980,95,,,"Marco Vespasiano Agripa, general of the imperial armies of the great Caesar, arrives in untamed Cantabria to try to suppress the rebellion of its inhabitants.",<strong>Director</strong><br />Jacinto Molina,,Brigadoon,,,Feature film,Spanish,Spain,https://sitgesfilmfestival.com/en/film/2025/cantabros
2286-film_session,2025-10-10T17:00:00,2025-10-10T18:28:00,88,Mercat Vell,False,False,2025-10-10,13502-film,El pergamino rojo,O Pergaminho Vermelho,2020,88,,,,,Fiction,Sitges Family - Kids en Acció,,,Feature film,Spanish,Brazil,https://sitgesfilmfestival.com/en/film/2025/pergamino-rojo
2194-film_session,2025-10-10T17:30:00,2025-10-10T19:24:00,114,Cinema Casino Prado,False,False,2025-10-10,13273-film,The Things You Kill,The Things You Kill,2025,114,Alireza Khatami,"Iranian-Canadian director and screenwriter known for his intense visual style and psychological narratives.The Things You Kill, an award winner at Sundance, is his second feature film.","Ali, a university professor undergoing a crisis, is faced with the suspicious death of his mother in Turkey. Obsessed with taking revenge, he hires Reza, an enigmatic gardener, to carry out his diabolical plan. During the police investigation, a series of dark family secrets will emerge, forcing him to confront the darkness of his own nature. A psychological thriller, with nods to the Jekyll and Hyde myth, and which explores guilt and justice with the family at its center.","<strong>Director</strong><br />Alireza Khatami<br /><br /><strong>Writer</strong>&nbsp;<br />Alireza Khatami&nbsp;<br /><br /><strong>Cinematographer</strong>&nbsp;<br />Bartosz Świniarski&nbsp;<br /><br /><strong>Editor</strong>&nbsp;<br />Alireza Khatami, Selda Taskin&nbsp;<br /><br /><strong>With</strong>&nbsp;<br />Ekin Ko&ccedil;, Erkan Kol&ccedil;ak K&ouml;stendil, Hazar Erg&uuml;&ccedil;l&uuml;&nbsp;",Fiction,Noves Visions - Inauguració,,,Feature film,Turkish; English,France; Poland; Canada; Turkey,https://sitgesfilmfestival.com/en/film/2025/things-you-kill
2164-film_session,2025-10-10T17:45:00,2025-10-10T19:54:00,129,Cinema Escorxador,False,False,2025-10-10,12168-film,Tamala 2030: A Punk Cat in Dark,Tamala 2030: A Punk Cat in Dark,2025,129,t.o.l,"Enigmatic artistic duo that created the Tamala saga, which began in 2002 with Tamala 2010: A Punk Cat in Space, presented at the Festival.","A retro-futuristic anime inspired by the COVID pandemic, where the most punk kitty dystopian Tokyo and her detective partner Michelangelo search for those who have mysteriously &ldquo;disappeared&rdquo; from a vast and sinister state controlled by corporations. An avant-garde chronicle of present-day violence, genocidal capitalism, and the ecological crisis, it functions as a metaphysical and perverse fusion between David Lynch and Hatsune Miku.","<strong>Director</strong>&nbsp;<br />t.o.L&nbsp;<br /><br /><strong>Writer</strong>&nbsp;<br />t.o.L&nbsp;<br /><br /><strong>Editor</strong>&nbsp;<br />Masashi Muto&nbsp;<br /><br /><strong>With</strong>&nbsp;<br />Atsuko Nakata, Daisuke Kasuya, Kana Aoi&nbsp;",Fiction,Anima't,,,Feature film,Japanese,Japan,https://sitgesfilmfestival.com/en/film/2025/tamala-2030-punk-cat-dark
2561-film_session,2025-10-10T18:30:00,2025-10-10T20:06:00,96,Sala Auditori Meliá,True,False,2025-10-10,13287-film,Tornado,Tornado,2024,91,John Maclean,"Hailing from the world of music videos, he made his feature film debut in 2015 with Slow West (2015). Ten years after his fantastic debut, he returns with Tornado.","Great Britain, 1790. A Japanese girl named Tornado finds herself caught up in a dangerous situation when she and her father's traveling puppet show cross paths with a ruthless criminal gang led by Sugarman and his ambitious son Little Sugar. In an attempt to create a new life for herself, Tornado will seek revenge and, at the same time, steal the gold from the gang's latest heist. The explosive new weird western from the director of Slow West.","<strong>Director</strong><br />John Maclean<br /><br /><strong>Writer</strong>&nbsp;<br />John Maclean&nbsp;<br /><br /><strong>Cinematographer</strong><br />Robbie Ryan&nbsp;<br /><br /><strong>Editor</strong>&nbsp;<br />Ryan Morrison, Selina Macarthur&nbsp;<br /><br /><strong>With</strong>&nbsp;<br />Tim Roth, Jack Lowden, Kōki&nbsp;",Fiction,Òrbita - Inauguració,,,Feature film,English; Japanese,United Kingdom of Great Britain and Northern Ireland (the),https://sitgesfilmfestival.com/en/film/2025/tornado
2187-film_session,2025-10-10T19:00:00,2025-10-10T20:47:00,107,Mercat Vell,False,False,2025-10-10,12304-film,The Paper Bear,The Paper Bear,2025,107,,,,,Fiction,Sitges Family - Kids,,,Feature film,English,United States of America (the),https://sitgesfilmfestival.com/en/film/2025/paper-bear
2390-film_session,2025-10-10T19:00:00,2025-10-10T20:12:00,72,Sala Tramuntana Meliá,False,False,2025-10-10,13128-film,Good Boy,Good Boy,2025,72,,,,,Fiction,Oficial Fantàstic Competició,,,Feature film,English,United States of America (the),https://sitgesfilmfestival.com/en/film/2025/good-boy
2339-film_session,2025-10-10T19:00:00,2025-10-10T20:30:00,90,Sala Llevant,False,False,2025-10-10,12245-film,A World War II Fairy Tale: The Making of Michael Mann's The Keep,A World War II Fairy Tale: The Making of Michael Mann's The Keep,2025,90,,,"With previously unseen interviews and exceptional stock footage, this documentary transports viewers back to the early 1980s, when Paramount Pictures asked for another Raiders of the Lost Ark (1981) but instead got Michael Mann's oneiric adaptation.","<strong>Director</strong><br />Stewart Buck, St&eacute;phane Piter",Documentary,Brigadoon; Sitges Documenta,,,Feature film,English,United Kingdom of Great Britain and Northern Ireland (the); United States of America (the); France,https://sitgesfilmfestival.com/en/film/2025/world-war-ii-fairy-tale-making-michael-manns-keep
2246-film_session,2025-10-10T20:00:00,2025-10-10T21:59:00,119,Cinema Casino Prado,False,False,2025-10-10,12162-film,Blazing Fists,BLUE FIGHT～蒼き若者たちのブレイキングダウン～,2025,119,,,,,Fiction,Òrbita,,,Feature film,Japanese,Japan,https://sitgesfilmfestival.com/en/film/2025/blazing-fists
2434-film_session,2025-10-10T20:30:00,2025-10-10T21:59:00,89,Cinema Escorxador,True,False,2025-10-10,13132-film,Corazón de las tinieblas (Heart of Darkness),Coração das Trevas,2025,84,,,,,Fiction,Noves Visions; Anima't,,,Feature film,Portuguese,Brazil; France,https://sitgesfilmfestival.com/en/film/2025/heart-darkness
2491-film_session,2025-10-10T20:30:00,2025-10-10T22:11:00,101,Sala Auditori Meliá,True,False,2025-10-10,12147-film,The Virgin of the Quarry Lake,La virgen de la tosquera,2025,96,Laura Casabé,"Argentinian filmmaker who has become one of the most prominent voices in contemporary fantastique, with films that include Benavídez's Case (2016) and The Returned (2019).","Buenos Aires. All three of them are in love with Diego, their lifelong friend. But then &ldquo;their&rdquo; Diego meets Silvia at an online chat room. Natalia, with the help of her grandmother Rita, casts a spell on Diego and Silvia. The spell doesn&rsquo;t work, but from that moment on, something new and unknown manifests itself inside Natalia. The first and long-awaited film adaptation of Mariana Enr&iacute;quez&rsquo;s literary work.","<p><strong>Director</strong></p><p><strong></strong>Laura Casab&eacute;</p><p><br /><strong>Writer</strong>&nbsp;<br />Benjam&iacute;n Naishtat&nbsp;<br /><br /><strong>Cinematograph</strong>&nbsp;<br />Diego Tenorio&nbsp;<br /><br /><strong>Editor</strong>&nbsp;<br />Ana Rem&oacute;n, Miguel Schverdfinger&nbsp;<br /><br /><strong>With</strong>&nbsp;<br />Dolores Oliverio, Luisa Merelas, Fernanda Echevarr&iacute;a&nbsp;</p>",Fiction,Oficial Fantàstic Competició,,,Feature film,Spanish,Argentina; Mexico; Spain,https://sitgesfilmfestival.com/en/film/2025/virgen-tosquera
2506-film_session,2025-10-10T20:45:00,2025-10-10T22:13:00,88,Sala Tramuntana Meliá,True,False,2025-10-10,12165-film,Monster Island,Orang Ikan,2024,83,Mike Wiluan,"CEO and creative director of Infinite Studios, he has produced and directed both film and television. His feature film Motel Melati was screened in the Noves Visions section in 2023.","In 1944, a Japanese soldier and a British prisoner of war find themselves stranded on a deserted Pacific island, hunted by an amphibious creature. Two bitter enemies who are going to have to join forces to survive the unknown. This fast-paced cross between Predator and Hell in the Pacific presents a jungle survival story with evocative practical effects, and with a subtext about male friendship and family ties that is just as powerful as its eye-catching action scenes.","<strong>Director</strong><br />Mike Wiluan&nbsp;<br /><br /><strong>Writer</strong>&nbsp;<br />Mike Wiluan&nbsp;<br /><br /><strong>Cinematographer</strong>&nbsp;<br />Asep Kalila&nbsp;<br /><br /><strong>Editor</strong>&nbsp;<br />Lim Yen&nbsp;<br /><br /><strong>With</strong>&nbsp;<br />Dean Fujioka, Callum Woodhouse, Alan Maxson&nbsp;",Fiction,Panorama,,,Feature film,Indonesian,Singapore; Indonesia,https://sitgesfilmfestival.com/en/film/2025/orang-ikan
2538-film_session,2025-10-10T21:00:00,2025-10-10T22:34:00,94,Sala Llevant,True,False,2025-10-10,13190-film,Occupy Cannes,Occupy Cannes,2025,89,,,"It follows the legendary Lloyd Kaufman, creator of The Toxic Avenger (1984) and the Troma production company, on what could be their last trip to Cannes after forty years. Will his rebelliousness attract film buyers or, on the contrary, will the filmmaker be condemned to ostracism?",<p><strong>Director</strong><strong></strong><br />Lily Hayes Kaufman</p>,Documentary,Brigadoon; Sitges Documenta,,,Feature film,English,United States of America (the),https://sitgesfilmfestival.com/en/film/2025/occupy-cannes
2285-film_session,2025-10-10T21:00:00,2025-10-10T22:27:00,87,Mercat Vell,False,False,2025-10-10,12229-film,Dame un poco de amooor...!,Dame un poco de amooor...!,1968,87,José María Forqué,,"Mike, the lead singer of the band Los Bravos, is kidnapped by the followers of the sinister Chou-Fang, a disciple of Fu Manchu's evil doctrines. However, Chou-Fang isn't interested in Mike, but in taking over the world by means of a chemical formula that has to be produced by a retired scientist. A lysergic pop fantasy that&rsquo;s crowned with the big hit &ldquo;Bring A Little Lovin&rsquo;,&rdquo; used decades later by Quentin Tarantino in Once Upon a Time&hellip; in Hollywood.","<strong>Director</strong><br />Jos&eacute; Mar&iacute;a Forqu&eacute;<br /><br /><strong>Writer</strong><br />Juan Cobos, Eduardo Ducay, Carlos Mu&ntilde;iz, Jos&eacute; Mar&iacute;a Forqu&eacute;&nbsp;<br /><br /><strong>Cinematograph</strong>&nbsp;<br />Francisco Sempere&nbsp;<br /><br /><strong>Editor</strong>&nbsp;<br />Mercedes Alonso&nbsp;<br /><br /><strong>With</strong>&nbsp;<br />Los Bravos, Rosenda Monteros, Luis Pe&ntilde;a&nbsp;",Fiction,Retrospectiva; Sessió Pop Corn,,,Feature film,Spanish,Spain,https://sitgesfilmfestival.com/en/film/2025/dame-poco-amooor
2551-film_session,2025-10-10T22:30:00,2025-10-11T00:20:00,110,Cinema Escorxador,True,False,2025-10-10,13260-film,The Infinite Husk,The Infinite Husk,2024,105,Aaron Silverstein,"Writer, filmmaker, and composer heavily influenced by gospel and film noir. His debut feature film,The Infinite Husk, premiered at SXSW.",,"<strong>Director</strong><br />Aaron Silverstein<br /><br /><strong>Writer</strong>&nbsp;<br />Aaron Silverstein&nbsp;<br /><br /><strong>Cinematographer</strong>&nbsp;<br />Mitchel McKenzie&nbsp;<br /><br /><strong>Editor</strong>&nbsp;<br />Aaron Silverstein, Mitchel McKenzie&nbsp;<br /><br /><strong>With</strong>&nbsp;<br />Peace Ikediuba, Circus-Szalewski, Geena Bocci&nbsp;",Fiction,Noves Visions,,,Feature film,English,United States of America (the),https://sitgesfilmfestival.com/en/film/2025/infinite-husk
2500-film_session,2025-10-10T22:30:00,2025-10-11T00:28:00,118,Cinema Casino Prado,True,False,2025-10-10,13165-film,Mag Mag,禍禍女,2025,113,Yuriyan Retriever,"An expert at performing sketches and impersonations, her characters as a comic actress are widely loved by the public. Mag Mag is her directorial debut.","When Mag Mag the ghost kills her sweetheart, Sanae is gripped by a craving for justice, although she will soon discover the true identity of the person who she should really be seeking revenge on. Renowned Japanese comedian Yuriyan Retriever uses autofiction to construct a crazy love story based on her own painful romantic experiences. This twisted tale ingeniously combines horror and humor, making a powerful statement as a female creator.","<strong>Director</strong><br />Yuriyan Retriever<br /><br /><strong>Writer</strong>&nbsp;<br />Eisuke Naito&nbsp;<br /><br /><strong>Cinematographer</strong>&nbsp;<br />Hideki Shima&nbsp;<br /><br /><strong>Editor</strong>&nbsp;<br />Taki Yasuda&nbsp;<br /><br /><strong>With</strong>&nbsp;<br />Sara Minami, Maeda Oshiro, Aoi Yamada&nbsp;",Fiction,Panorama,,,Feature film,Japanese,Japan,https://sitgesfilmfestival.com/en/film/2025/mag-mag
2560-film_session,2025-10-10T22:45:00,2025-10-11T00:32:00,107,Sala Auditori Meliá,True,False,2025-10-10,13285-film,Together,Together,2024,102,Michael Shanks,"Recipient of awards for his work as a screenwriter, director, and editor, he also stands out as a visual effects artist and composer. Together is his feature film debut.","After moving to the countryside, a couple going through a crisis will test their limits when they discover a cave inhabited by supernatural forces. After drinking water from this strange place, they will undergo an extreme transformation that will affect them both physically and emotionally. A Cronenbergian portrait of romantic codependency that adopts body horror as its banner, allowing the chemistry between its co-stars, Alison Brie and Dave Franco - a couple since 2017 - to go beyond the screen.","<strong>Director</strong><br />Michael Shanks  <br /><strong>Writer</strong><br />Michael Shanks  <br /><strong>Cinematography</strong><br />Germain McMicking  <br /><strong>Editor</strong><br />Sean Lahiff  <br /><strong>With</strong><br />Dave Franco, Alison Brie, Damon Herriman",Fiction,Oficial Fantàstic Competició,,,Feature film,English,Australia,https://sitgesfilmfestival.com/en/film/2025/together
2540-film_session,2025-10-10T22:45:00,2025-10-11T00:34:00,109,Sala Tramuntana Meliá,True,False,2025-10-10,13227-film,Slanted,Slanted,2025,104,Amy Wang,"Co-writer of the Netflix series From Scratch and The Brothers Sun, her short film Unnatural won an award at Cannes Lions. Slanted is her first feature film.","Joan Huang, a Chinese-American teenager from southern United States, struggles through culture shock and a desperate need to fit in. Obsessed with being popular and becoming the prom queen, she undergoes racial modification surgery to literally become white. A satirical and unapologetic thriller that navigates between Mean Girls and The Substance, it won the Narrative Feature Award at the most recent edition of SXSW in Austin.","<strong>Director</strong><br />Amy Wang<br /><br /><strong>Writer</strong>&nbsp;<br />Amy Wang&nbsp;<br /><br /><strong>Cinematographer</strong>&nbsp;<br />Ed Wu&nbsp;<br /><br /><strong>Editor</strong>&nbsp;<br />Ryan Chan&nbsp;<br /><br /><strong>With</strong>&nbsp;<br />Shirley Chen, McKenna Grace, Maitreyi Ramakrishnan&nbsp;",Fiction,Panorama,,,Feature film,English; Mandarin,United States of America (the),https://sitgesfilmfestival.com/en/film/2025/slanted
2334-film_session,2025-10-10T23:00:00,2025-10-11T00:30:00,90,Sala Llevant,False,False,2025-10-10,12257-film,El liguero mágico,El liguero mágico,1980,90,,,"In 1875, young Alicia arrives at the mysterious mansion she has inherited from her Uncle Marcelo, complete with a very unusual serving staff.",<strong>Director</strong><br />Mariano Ozores,,Brigadoon,,,Feature film,Spanish,Spain,https://sitgesfilmfestival.com/en/film/2025/liguero-magico
2505-film_session,2025-10-11T00:45:00,2025-10-11T02:30:00,105,Cinema Escorxador,True,False,2025-10-11,12156-film,Memory Hotel,Memory Hotel,2024,100,Heinrich Sabl,"With a background in the world of theater and puppetry, Memory Hotel is his debut feature film as a director following several short films.","May 1945: a five-year-old girl named Sophie and her parents try to flee from the Russian front. During their escape, they stop at a hotel, where they encounter two Nazis. Following a fight, Sophie loses both her parents and her memory. Shortly afterwards, the Soviet army finds Sophie and turns her into a cook. Decades later, Sophie regains her memory when she runs into one of the Nazis from the hotel. A gem in European stop-motion animation with surreal overtones.","<strong>Director</strong><br />Heinrich Sabl<br /><br /><strong>Writer</strong>&nbsp;<br />Heinrich Sabl&nbsp;<br /><br /><strong>Cinematographer</strong>&nbsp;<br />Heinrich Sabl&nbsp;<br /><br /><strong>Editor</strong>&nbsp;<br />Enrico Basl&nbsp;<br /><br /><strong>With</strong>&nbsp;<br />Svenja Liesau, Dagmar Manzel, Elsa Seusing&nbsp;",Fiction,Anima't,,,Feature film,German; Russian,Germany; France,https://sitgesfilmfestival.com/en/film/2025/memory-hotel
2496-film_session,2025-10-11T01:00:00,2025-10-11T06:20:00,320,Cinema Casino Prado,True,False,2025-10-11,13163-film,Love Kills,Love Kills,2025,96,Luiza Shelling,Brazilian filmmaker who has worked with a number of directors on a dozen productions. Love Kills is her debut solo feature film.,"In downtown S&atilde;o Paulo, absolutely ravaged by crack cocaine, Helena, a young black vampire, wanders around a filthy caf&eacute; trying to captivate Marcos, a naive waiter. As she begins to discover his secrets and the ins and outs of the metropolis, the girl will go on to venture into a dangerous world of immortal intrigues that will challenge her own mortality. A journey towards trauma, exclusion, and the struggle of identities as reflected by vampirism.","<strong>Director</strong><br />Luiza Shelling Tubaldini&nbsp;<br /><br /><strong>Writer</strong>&nbsp;<br />Luiza Shelling Tubaldini&nbsp;<br /><br /><strong>Cinematographer</strong>&nbsp;<br />Jacob Solitrenick&nbsp;<br /><br /><strong>Editor</strong>&nbsp;<br />Danilo Lemos, Larissa Armstrong, Chris Tex&nbsp;<br /><br /><strong>With</strong>&nbsp;<br />Thais Lago, Gabriel Stauffer, Erom Cordeiro",Fiction,Panorama,,,Feature film,Portuguese,Brazil,https://sitgesfilmfestival.com/en/film/2025/love-kills
2496-film_session,2025-10-11T01:00:00,2025-10-11T06:20:00,320,Cinema Casino Prado,True,False,2025-10-11,12176-film,Touch Me,Touch Me,2025,99,Addison Heimann,"Queer filmmaker who has made short films, feature films, and web series with the aim of introducing more LGTBIQ+ characters into genre films.","Two codependent best friends become addicted to the touch of an alien narcissist they meet by chance. This will be the start of a journey into past traumas and carnal desires, but also a battle for the attention of a being who has the power to wash away both anxiety and worries. A horror and science fiction comedy that, very much like the protagonist's tentacles, captures viewers with the originality of its premise.","<strong>Director</strong><br />Addison Heimann  <br /><strong>Writer</strong><br />Addison Heimann  <br /><strong>Cinematrography</strong><br />Dustin Supencheck  <br /><strong>Editor</strong><br />Jess Weber  <br /><strong>With</strong><br />Olivia Taylor Dudley, Lou Taylor Pucci, Jordan Gavaris",Fiction,Midnight X-Treme,,,Feature film,English,United States of America (the),https://sitgesfilmfestival.com/en/film/2025/touch-me
2496-film_session,2025-10-11T01:00:00,2025-10-11T06:20:00,320,Cinema Casino Prado,True,False,2025-10-11,12144-film,Hold The Fort,Hold The Fort,2025,76,William Bagley,"Award-winning writer and director, whose feature debut, The Murder Podcast, was presented at international festivals such as Nashville, Atlanta, and Rome.","Lucas and Jenny have just bought a house. But what they don't know is that their new home comes with a major drawback: a problematic homeowners' association that, along with an avalanche of monsters from hell, will plunge them into an intense fight for survival. Premiering at the Fantasia festival, this terrifying comedy, chock -full of action and adventures about the fears of becoming a homeowner, evokes the ultimate B-movie madness.","<strong>Director</strong><br />William Bagley<br /><br /><strong>Writer</strong><br />William Bagley&nbsp;<br /><br /><strong>Cinematographer</strong>&nbsp;<br />Alex Allgood&nbsp;<br /><br /><strong>Editor</strong>&nbsp;<br />William Bagley&nbsp;<br /><br /><strong>With</strong>&nbsp;<br />Chris Mayers, Haley Leary, Julian Smith&nbsp;",Fiction,Midnight X-Treme,,,Feature film,English,United States of America (the),https://sitgesfilmfestival.com/en/film/2025/hold-fort
2510-film_session,2025-10-11T01:00:00,2025-10-11T06:23:00,323,Sala Tramuntana Meliá,True,False,2025-10-11,13129-film,Halabala,Halabala Pa-Chit-Lood,2025,100,Eakasit Thairaat,"With versatility as his strong point, this Thai artist has contributed to his country's creative scene as a director, screenwriter, and illustrator.","A dirty cop is given one last opportunity to redeem himself: hunting down a deranged gang leader who has escaped from prison and fled deep into Halabala, a forbidden jungle. In the shadows of this deadly forest, rumors still linger regarding the existence of an ancient tribe of cannibals that some believe to be extinct, while others claim they never disappeared entirely... a secret that will come back to haunt the team of policemen.","<p><strong>Director</strong><br />Eakasit Thairaat<br /><br /><strong>Writer</strong><br />Eakasit Thairaat&nbsp;<br /><br /><strong>Cinematographer</strong><br />Phaklao Jiraungkoonkun&nbsp;<br /></p><p><strong>Editor</strong></p><p>Manussa Vorasingha, Aekkarin Thungrach&nbsp;<br /><br /><strong>With</strong>&nbsp;<br />Chantavit Dhanasevi, Nuttanicha Dungwattanawanich, Anon Saisangchan&nbsp;</p>&nbsp;&nbsp;&nbsp;",Fiction,Panorama,,,Feature film,Thai,Thailand,https://sitgesfilmfestival.com/en/film/2025/halabala
2510-film_session,2025-10-11T01:00:00,2025-10-11T06:23:00,323,Sala Tramuntana Meliá,True,False,2025-10-11,12158-film,The Book of Sijjin and Illiyyin,Kitab Sijjin Dan Illiyyin,2025,99,Hadrah Daeng Ratu,"With a degree in Film and Television Studies, she embarked on her career withSabotase(2009), an award-winning short film at the Indonesian Film Festival.","When she was a little girl, Yuli witnessed the death of her parents at the hands of an evil force. From that moment on, the girl, branded as cursed and unwanted, grew up in the home of Ambar, her late father's other wife, and her daughter Laras, where she was constantly humiliated. Driven by revenge, Yuli performs a ritual that ends up destroying everything around her. Second part of the Indonesian remake of the successful first installment of the Turkish horror saga Sijjin.","<strong>Director</strong><br />Hadrah Daeng Ratu<br /><br /><strong>Writer</strong>&nbsp;<br />Lele Laila&nbsp;<br /><br /><strong>Cinematographer</strong>&nbsp;<br />Hani Pradigya, I.C.S&nbsp;<br /><br /><strong>Editor</strong>&nbsp;<br />Wawan I. Wibowo&nbsp;<br /><br /><strong>With</strong>&nbsp;<br />Yunita Siregar, Dinda Kanyadewi, Kawai Labiba&nbsp;<br /><br />&nbsp;&nbsp;<br />",Fiction,Midnight X-Treme,,,Feature film,Indonesian,Indonesia,https://sitgesfilmfestival.com/en/film/2025/book-sijjin-and-illiyyin
2510-film_session,2025-10-11T01:00:00,2025-10-11T06:23:00,323,Sala Tramuntana Meliá,True,False,2025-10-11,13298-film,Ut Lan the Guardian Demon,Út Lan: Oán Linh Giữ Của,2025,112,Dan Trong Tran,"Vietnamese producer, director, and screenwriter. His action filmBad Blood(2023) was selected for the Sitges Film Festival.","In the past, the head of the Ma clan performed a ritual to summon a guardian demon to protect his hidden treasures, with his young children in mind. Years later, Lan, who has just lost her father, arrives at the estate looking for work as a maid. There, she will meet Dahn, who is the current master, and following several disturbing phenomena and a series of mysterious deaths, the young woman will become the key to uncovering the secrets hidden in these lands.","<strong>Director</strong><br />Dan Trong Tran&nbsp;<br /><br /><strong>Writer</strong>&nbsp;<br />Dan Trong Tran&nbsp;<br /><br /><strong>Cinematographer</strong>&nbsp;<br />Morgan Schmidt&nbsp;<br /><br /><strong>Editor</strong>&nbsp;<br />Nguyen Cong Danh&nbsp;<br /><br /><strong>With</strong>&nbsp;<br />Mac Van Khoa, Mai Cat Vi, Phuong Thanh&nbsp;",Fiction,Midnight X-Treme,,,Feature film,Vietnamese,Viet Nam,https://sitgesfilmfestival.com/en/film/2025/ut-lan-guardian-demon
2315-film_session,2025-10-11T01:00:00,2025-10-11T06:09:00,309,Sala Auditori Meliá,False,False,2025-10-11,13146-film,Karmadonna,Karmadonna,2025,119,Aleksandar Radivojević,"The enfant terrible of Serbian cinema, he was the screenwriter for A Serbian Film (2010), one of the most controversial films of its time. Karmadonna is his directorial debut.","A pregnant woman, guided by an incorporeal voice that whispers through some wireless headphones, is transformed into a weapon directed against the system that shaped her and condemned her to the world around her. Half feverish dream, half political outcry, this psychedelic thriller is aimed at a generation addicted to their cell phones and who see pregnancy as an act of rebellion. Dystopian horror in the form of a fable, arriving straight from the Toronto Film Festival.","<strong>Director</strong><br />Aleksandar Radivojević<br /><br /><strong>Writer</strong>&nbsp;<br />Aleksandar Radivojević&nbsp;<br /><br /><strong>Cinematographer</strong>&nbsp;<br />Aleksandar Jakonić&nbsp;<br /><br /><strong>Editor</strong>&nbsp;<br />Branimir Živković&nbsp;<br /><br /><strong>With</strong>&nbsp;<br />Jelena Đokić, Sergej Trifunović, Miomir Mima Karadžić&nbsp;",Fiction,Midnight X-Treme,,,Feature film,Serbian,Serbia; United Kingdom of Great Britain and Northern Ireland (the),https://sitgesfilmfestival.com/en/film/2025/karmadonna
2315-film_session,2025-10-11T01:00:00,2025-10-11T06:09:00,309,Sala Auditori Meliá,False,False,2025-10-11,13094-film,Dolly,Dolly,2025,83,Rod Blackhurst,"Screenwriter, producer, and director nominated for two Emmy Awards for his popular Netflix documentary Amanda Knox (2016).","Macy has to fight to survive after she is kidnapped by a deranged monster who is determined to raise her as if she was his own daughter. This twisted fairy tale, which is born out of a profound love for genre, features a 2000s comedy icon of the likes of Stifler (Seann William Scott) from American Pie, as well as current NWA wrestling champion Max the Impaler, in order to achieve a daring blend of French neo-extremism and 1970s American horror.","<strong>Director</strong><br />Rod Blackhurst<br /><br /><strong>Writer&nbsp;</strong>&nbsp;<br />Rod Blackhurst, Brandon Weavil&nbsp;<br /><br /><strong>Cinematographer</strong>&nbsp;<br />Justin Derry&nbsp;<br /><br /><strong>Editor</strong>&nbsp;<br />Justin Oakey&nbsp;<br /><br /><strong>With</strong>&nbsp;<br />Seann William Scott, Fabianne Therese, Max the Impaler&nbsp;",Fiction,Midnight X-Treme,,,Feature film,English,United States of America (the),https://sitgesfilmfestival.com/en/film/2025/dolly
2315-film_session,2025-10-11T01:00:00,2025-10-11T06:09:00,309,Sala Auditori Meliá,False,False,2025-10-11,13175-film,Meat Kills,Vleesdag,2024,86,Martijn Smits,"Screenwriter and director with a passion for the fantastic genre and visual effects. His first feature film, Kill Zombie, was screened in more than 20 countries.","In Europe, 133 million pigs are mistreated on livestock farms. Mirthe, a young activist, will have to sneak into a local farm to secretly film these horrors if she wants to become a member of the radical group &ldquo;Animal Army,&rdquo; led by the fearless Nasha. When the desperate farmer defends his property, the mission will escalate into a bloody battle for their lives. A centennial survival story very much in the vein of the highly acclaimed Wake Up.","<strong>Director</strong><br />Martijn Smits<br /><br /><strong>Writer</strong>&nbsp;<br />Johan Paul de Vrijer&nbsp;<br /><br /><strong>Cinematographer</strong>&nbsp;<br />Rogier Jaarsma&nbsp;<br /><br /><strong>Editor</strong>&nbsp;<br />Victor Grandia&nbsp;<br /><br /><strong>With</strong>&nbsp;<br />Caro Derkx, Emma Josten, Bart Oomen&nbsp;",Fiction,Midnight X-Treme,,,Feature film,Dutch,Netherlands (the),https://sitgesfilmfestival.com/en/film/2025/meat-kills
2277-film_session,2025-10-11T08:15:00,2025-10-11T10:04:00,109,Cinema Escorxador,False,False,2025-10-11,13166-film,Lucid,Lucid,2025,109,Deanna Milligan and Ramsey Fendall,"Directors of the Sublunar Films production company, they are dedicated to creating genre films and supporting emerging indie talent.","Mia, an art student who is on the verge of being expelled from school, finds her last hope for combating her creative block in a magical lucid dreaming elixir. But in addition to awakening her creativity, the potion also unleashes a number of dark monsters that inhabit her subconscious, one of which is her mother, who appears transformed into a hairy creature that Mia will be forced to confront. A dreamlike and surreal universe shot in 35 mm and Super 8.","<strong>Director</strong><br />Deanna Milligan, Ramsey Fendall<br /><br /><strong>Writer</strong>&nbsp;<br />Deanna Milligan, Ramsey Fendall&nbsp;<br /><br /><strong>Cinematographer</strong>&nbsp;<br />Ramsey Fendall&nbsp;<br /><br /><strong>Editor</strong>&nbsp;<br />Deanna Milligan, Ramsey Fendall&nbsp;<br /><br /><strong>With</strong>&nbsp;<br />Caitlin Acken Taylor, Georgia Acken, Amber Dandelion&nbsp;",Fiction,Noves Visions,,,Feature film,English,Canada,https://sitgesfilmfestival.com/en/film/2025/lucid
2312-film_session,2025-10-11T08:15:00,2025-10-11T09:42:00,87,Sala Auditori Meliá,False,False,2025-10-11,12142-film,Gaua,Gaua,2025,87,Paul Urkijo,"A Basque director and screenwriter, he's a great fan of the fantastic genre and mythology, especially from his homeland, and on which he bases part of his work. In Sitges he presented the short Dar-dar (2020) and the feature Errementari (2017).",,,Fiction,Oficial Fantàstic Competició,,,Feature film,Basque,Spain; United States of America (the),https://sitgesfilmfestival.com/en/film/2025/gaua
2222-film_session,2025-10-11T08:30:00,2025-10-11T10:05:00,95,Sala Tramuntana Meliá,False,False,2025-10-11,13305-film,We Bury The Dead,We Bury The Dead,2024,95,Zak Hilditch,"Australian filmmaker specializing in genre, he has directed and written films including These Final Hours (2013) and the Stephen King adaptation 1922 (2017).","When her husband goes missing following a catastrophic military experiment that decimates the population of Tasmania, Ava goes to join a &ldquo;body retrieval unit&rdquo; in the hope of eventually finding him still alive. But her search takes a chilling turn when the corpses that she's burying start showing signs of life. Daisy Ridley, star of the most recent Star Wars film franchise, plays the lead in this vibrant post-apocalyptic thriller.","<strong>Director</strong><br />Zak Hilditch  <br /><strong>Writer</strong><br />Zak Hilditch  <br /><strong>Cinematography</strong><br />Steve Annis  <br /><strong>Editor</strong><br />Merlin Eden  <br /><strong>With</strong><br />Daisy Ridley, Brenton Thwaites",Fiction,Oficial Fantàstic Competició,,,Feature film,English,Australia,https://sitgesfilmfestival.com/en/film/2025/we-bury-dead
2416-film_session,2025-10-11T10:15:00,2025-10-11T11:43:00,88,Sala Auditori Meliá,True,False,2025-10-11,12193-film,ALL YOU NEED IS KILL,ALL YOU NEED IS KILL,2025,83,Kenichiro Akimoto,"He has worked in animation, storyboarding, and as a CGI director on various projects. His powerful narrative skills and visual talent have earned him international acclaim.","In Japan, an alien plant is devastating the environment, while a group of volunteers, including Rita, are engaged in reconstruction efforts. One day, some monstrous creatures are unleashed, and Rita dies, over and over again, trapped in a time loop. Together with Keiji, a young man also trapped in the same cyclical loop, they will fight to make sense of the chaos surrounding them. A vibrant animated adaptation of the story that inspired Edge of Tomorrow.<br /><br />&nbsp;","Director<br />Kenichiro Akimoto&nbsp;<br /><br />Writer&nbsp;<br />Yuichiro Kido&nbsp;<br /><br />Editor&nbsp;<br />Hirose Kiyoshi&nbsp;<br /><br />With&nbsp;<br />Ai Mikami, Natsuki Hanae&nbsp;<br /><br />&nbsp;",Fiction,Sitges Collection; Anima't,,,Feature film,Japanese,Japan,https://sitgesfilmfestival.com/en/film/2025/all-you-need-kill
2410-film_session,2025-10-11T10:30:00,2025-10-11T12:10:00,100,Cinema Escorxador,True,True,2025-10-11,12137-film,[REC] 3: Genesis,[REC] 3: Genesis,2011,75,,,"Koldo and Clara are made for one another. On the day they celebrate their wedding surrounded by their loved ones, a dark shadow looms over them. At the happiest moment of their lives, all hell breaks loose. Nominated for six Gaud&iacute; Awards, this third installment of the emblematic contemporary horror franchise lives up to its predecessors, in an explosive hybrid that equally draws its inspiration from Spanish filmmakers such as Berlanga and genre icons like Sam Raimi and Peter Jackson.","<strong>Director</strong><br />Paco Plaza<br /><br /><strong>Writer</strong>&nbsp;<br />Paco Plaza, Luiso Berdejo&nbsp;<br /><br /><strong>Cinematographer</strong>&nbsp;<br />Pablo Rosso&nbsp;<br /><br /><strong>Editor</strong>&nbsp;<br />David Gallart&nbsp;<br /><br /><strong>With</strong>&nbsp;<br />Leticia Dolera, Diego Mart&iacute;n, Mireia Ros&nbsp;",Fiction,Retrospectiva,,,Feature film,Spanish,Spain,https://sitgesfilmfestival.com/en/film/2025/rec-3-genesis
2203-film_session,2025-10-11T12:00:00,2025-10-11T13:13:00,73,Mercat Vell,False,False,2025-10-11,12309-film,Tito y los pájaros,Tito e os Pássaros,2018,73,,,,,Fiction,Sitges Family - Kids en Acció,,,Feature film,Portuguese,Brazil,https://sitgesfilmfestival.com/en/film/2025/tito-pajaros
2302-film_session,2025-10-11T12:15:00,2025-10-11T13:53:00,98,Sala Auditori Meliá,False,False,2025-10-11,12188-film,Arco,Arco,2025,98,Ugo Bienvenu,"French illustrator and filmmaker known for his experimental animation and graphic novels. He has directed music videos and short films, and worked with major brands and publications including Métal Hurlant and Hermès.","In 2075, a ten-year-old girl named Iris witnesses a mysterious boy dressed in a rainbow suit fall from the sky. His name is Arco, and he's come from an idyllic, distant future where time travel is possible. Iris takes him in and will do whatever it takes to help him return to his own time. An animation gem arriving fresh from the Annecy Film Festival, where it won awards for Best Feature Film and Best Original Soundtrack.","<strong>Director</strong><br />Ugo Bienvenu  <br /><strong>Writer</strong><br />Ugo Bienvenu, Felix De Givry  <br /><strong>Cinematography&nbsp;</strong><br />Adam Sillard  <br /><strong>Editor</strong><br />Nathan Jacquard  <br /><strong>With</strong><br />Swann Arlaud, Alma Jodorowsky, Margot Ringard Oldra",Fiction,Sitges Collection; Anima't; Sessió Escoles,,,Feature film,French,France,https://sitgesfilmfestival.com/en/film/2025/arco
2191-film_session,2025-10-11T12:45:00,2025-10-11T14:07:00,82,Cinema Escorxador,False,False,2025-10-11,12167-film,The SuperVips,"VIP, Mio fratello superuomo",1968,82,,,"Mini Vip is the brother of Super Vip, a prototypical superhero with a pure soul and a powerful body. However, the protagonist is the complete opposite: a self-conscious anti-hero afflicted by genetic defects that have made him very short, nearsighted, and given him very limited powers, a far cry from what was expected of the ultimate Superman. A parody of the superhero universe that criticizes the machinery behind advertising, politics, and consumer culture.","<strong>Director</strong><br />Bruno Bozzetto&nbsp;<br /><br /><strong>Writer</strong>&nbsp;<br />Bruno Bozzetto, Attilio Giovannini, Guido Manuli&nbsp;<br /><br /><strong>Cinematographer</strong>&nbsp;<br />Luciano Marzetti&nbsp;<br /><br /><strong>Editor</strong>&nbsp;<br />Luciano Marzetti, Giancarlo Rossi&nbsp;<br /><br /><strong>With</strong>&nbsp;<br />Roberto Bertea, Fiorella Betti, Vittorio Cramer&nbsp;",Fiction,Anima't - Sitges Clàssics,,,Feature film,Italian,Italy,https://sitgesfilmfestival.com/en/film/2025/supervips
2422-film_session,2025-10-11T12:45:00,2025-10-11T14:35:00,110,Sala Tramuntana Meliá,True,False,2025-10-11,12195-film,Astrid's Saints,Astrid's Saints,2024,105,Mariano Baino,"Filmmaker and multidisciplinary artist, director of the cult horror film Dark Waters (1993). He has exhibited his works in museums and galleries in Italy and the United States.","Astrid, a mother who is devastated by the death of her son, will be forced to unravel the mysteries that bind her to other grieving mothers, to their children, and also to the young saints to whom they are all devoted. A heart-wrenching exploration of the psyche of a woman torn apart by loss and who, through magical realism, finds her balance between the supernatural and earthly suffering. A moving story about faith and the power of prayer.<br /><br />&nbsp;","<p>Director</p><p>Mariano Baino<br /><br />Writer&nbsp;<br />Mariano Baino, Coralina Cataldi-Tassoni&nbsp;<br /><br />Cinematograph&nbsp;<br />Mariano Baino&nbsp;<br /><br />Editor&nbsp;<br />Mariano Baino&nbsp;<br /><br />With&nbsp;<br />Coralina Cataldi-Tassoni, Rossella Rapisarda, Pasquale Moschella&nbsp;<br /><br /></p>&nbsp;",Fiction,Noves Visions,,,Feature film,English,United States of America (the); Italy,https://sitgesfilmfestival.com/en/film/2025/astrids-saints
2294-film_session,2025-10-11T13:20:00,2025-10-11T14:44:00,84,Mercat Vell,False,False,2025-10-11,12300-film,Prehysteria,Prehysteria!,1993,84,,,,,Fiction,Sitges Family - Kids,,,Feature film,English,United States of America (the),https://sitgesfilmfestival.com/en/film/2025/prehysteria
2493-film_session,2025-10-11T13:30:00,2025-10-11T15:03:00,93,Cinema Casino Prado,True,False,2025-10-11,12150-film,Lesbian Space Princess,Lesbian Space Princess,2025,88,Emma Hough Hobbs & Leela Varghese,Emma Hough Hobbs is a queer artist who works in animation and production design. Leela Varghese is a screenwriter and filmmaker whose short film I’m The Most Racist Person I Know was screened at SXSW.,"Saira, a queer space princess, is driven from her privileged life and embarks on a galactic quest to try and save her bounty hunter ex-girlfriend from the Straight White Maliens, a nostalgic faction of the patriarchy, now relegated to the sidelines. Winner of the Teddy Award at the Berlinale, this hilarious Australian animated film takes on heteronormativity and gender stereotypes through wit and surreal comedy.","<strong>Director</strong> <br />Emma Hough Hobbs, Leela Varghese  <br /><strong>Writer</strong> <br />Emma Hough Hobbs, Leela Varghese  <br /><strong>With</strong> <br />Shabana Azeez, Bernie Van Tiel, Gemma Chua-Tran",Fiction,Noves Visions; Anima't,,,Feature film,English,Australia,https://sitgesfilmfestival.com/en/film/2025/lesbian-space-princess
2338-film_session,2025-10-11T14:00:00,2025-10-11T15:24:00,84,Sala Llevant,False,False,2025-10-11,12261-film,La noche de los muertos vivientes,La noche de los muertos vivientes,1990,84,,,"Remake of the classic Night of the Living Dead (1968), where seven strangers are trapped on a secluded farm while zombies, brought to life by the influence of a radioactive space wave, mercilessly attack the population.",<strong>Director</strong><br />Tom Savini,,Brigadoon,,,Feature film,English,United States of America (the),https://sitgesfilmfestival.com/en/film/2025/noche-muertos-vivientes
2476-film_session,2025-10-11T14:15:00,2025-10-11T15:32:00,77,Sala Auditori Meliá,True,False,2025-10-11,13128-film,Good Boy,Good Boy,2025,72,,,,,Fiction,Oficial Fantàstic Competició,,,Feature film,English,United States of America (the),https://sitgesfilmfestival.com/en/film/2025/good-boy
2542-film_session,2025-10-11T14:30:00,2025-10-11T16:20:00,110,Cinema Escorxador,True,True,2025-10-11,13231-film,Starman,Starman,2025,85,Robert Stone,"With a career spanning more than 40 years as a director, he was nominated for an Academy Award for Best Documentary Feature for Radio Bikini (1988).","A well-deserved tribute to Gentry Lee, the legendary NASA robotics engineer and best-selling science fiction author who has devoted his life to exploring, always in search of answers, all areas of space science, as well as robotics and the human imagination. At 82, he has reached a revelatory conclusion about whether or not we are alone in the universe. An ode to the beauty of our planet, a paradise that, according to Lee, needs to be protected.","<strong>Director</strong><br />Robert Stone<br /><br /><strong>Writer</strong>&nbsp;<br />Robert Stone&nbsp;<br /><br /><strong>Cinematographer</strong>&nbsp;<br />Tom Hurwitz&nbsp;<br /><br /><strong>Editor</strong>&nbsp;<br />Lindy Jankura, Robert Stone&nbsp;<br /><br /><strong>With</strong>&nbsp;<br />Gentry Lee, Carl Sagan, Arthur C. Clarke&nbsp;",Documentary,Sitges Documenta,,,Feature film,English,United States of America (the),https://sitgesfilmfestival.com/en/film/2025/starman
2549-film_session,2025-10-11T15:00:00,2025-10-11T17:23:00,143,Sala Tramuntana Meliá,True,False,2025-10-11,12148-film,The Forbidden City,La città proibita,2024,138,Gabriele Mainetti,,,,Fiction,Òrbita,,,Feature film,Italian; Chinese; English,Italy,https://sitgesfilmfestival.com/en/film/2025/forbidden-city
2480-film_session,2025-10-11T16:00:00,2025-10-11T17:35:00,95,Sala Llevant,True,False,2025-10-11,13179-film,Morbus (o bon profit),Morbus (o bon profit),1983,90,,,"Following the discovery made by a scientist of a formula that brings the dead back to life, various stories and characters will intersect in a combination of horror, eroticism, and unrestrained comedy.",<strong>Director</strong><br />Ignasi P. Ferr&eacute; ,,Brigadoon,,,Feature film,Catalan,Spain,https://sitgesfilmfestival.com/en/film/2025/morbus-bon-profit
2550-film_session,2025-10-11T16:00:00,2025-10-11T18:14:00,134,Sala Auditori Meliá,True,False,2025-10-11,13254-film,The Furious,The Furious,2025,114,Kenji Tanigaki,"Captivated by action films since he was a little boy, he has developed his career as a director and action choreographer in Hong Kong.","Rainy, the daughter of martial arts expert Wang Wei, is kidnapped by a child trafficking ring. In a frantic attempt to get her back, her father decides to wage war, confronting numerous obstacles as he fights against criminals and corrupt police officers. Along the way, he meets Navin, a journalist who is searching for his missing wife. The two of them deploy their combat skills while discovering the virtues of mutual trust.","<strong>Director</strong><br />Kenji Tanigaki<br /><br /><strong>Writer</strong>&nbsp;<br />Mak Tin Shu, Lei Zhilong, Shum Kwan Sin, Frank Hui&nbsp;<br /><br /><strong>Cinematographer</strong>&nbsp;<br />Meteor Cheung&nbsp;<br /><br /><strong>Editor</strong>&nbsp;<br />Chris Tonick&nbsp;<br /><br /><strong>With</strong>&nbsp;<br />Xie Miao, Joe Taslim, Yang Enyou&nbsp;",Fiction,Oficial Fantàstic Competició,,,Feature film,English; Mandarin; Tagalog,Hong Kong; China,https://sitgesfilmfestival.com/en/film/2025/furious
2548-film_session,2025-10-11T16:30:00,2025-10-11T18:24:00,114,Cinema Escorxador,True,True,2025-10-11,13253-film,The Fog (4K),The Fog (4K),1980,89,,,"A local legend tells the story of a ship that was lured into Antonio Bay back in the 19th century and that then sank, enveloped in a ghostly fog. The myth has it that when this mysterious fog returns, the victims will rise up from the depths seeking vengeance. A timeless supernatural horror classic written by Carpenter and Debra Hill following their first collaboration on Halloween (1978), which marked the beginning of one of the most outstanding artistic duos in the history of genre moviemaking.","<strong>Director</strong><br />John Carpenter<br /><br /><strong>Writer</strong>&nbsp;<br />John Carpenter, Debra Hill&nbsp;<br /><br /><strong>Cinematographer</strong>&nbsp;<br />Dean Cundey&nbsp;<br /><br /><strong>Editor</strong>&nbsp;<br />Charles Bornstein and Tommy Lee Wallace&nbsp;<br /><br /><strong>With</strong>&nbsp;<br />Adrienne Barbeau, Jamie Lee Curtis, Janet Leigh&nbsp;",Fiction,Sitges Clàssics,,,Feature film,English,United States of America (the),https://sitgesfilmfestival.com/en/film/2025/fog-4k
2287-film_session,2025-10-11T17:00:00,2025-10-11T18:16:00,76,Mercat Vell,False,False,2025-10-11,12277-film,Lila's book,El libro de Lila,2017,76,,,,,Fiction,Sitges Family - Kids en Acció,,,Feature film,Spanish,Colombia; Uruguay,https://sitgesfilmfestival.com/en/film/2025/libro-lila
2367-film_session,2025-10-11T17:45:00,2025-10-11T19:20:00,95,Sala Tramuntana Meliá,False,False,2025-10-11,12174-film,La leyenda de Ochi,The Legend of Ochi,2025,95,Isaiah Saxon,"American director and screenwriter known for his innovative music videos for artists including Björk and Grizzly Bear. The Legend of Ochi, produced by A24, is his debut feature film.","Yuri has been raised to fear the creatures of the forest known as Ochi. Nevertheless, when she discovers a baby Ochi that has been left behind by its pack, she embarks on a perilous journey to reunite the creature with its family. As Yuri ventures deeper into the forest, she faces dangerous challenges and learns valuable lessons about courage, friendship, and the importance of protecting nature.","<p><strong>Director</strong><br />Isaiah Saxon<br /><br /><strong>Writer</strong><br />Isaiah Saxon&nbsp;<br /><br /><strong>Cinematograph</strong><br />Evan Prosofsky&nbsp;</p><p><strong>Editor</strong><br />Paul Rogers&nbsp;<br /><br /><strong>With</strong>&nbsp;<br />Helena Zengel, Willem Dafoe, Finn Wolfhard&nbsp;</p>&nbsp;&nbsp;",Fiction,Oficial Fantàstic Competició,,,Feature film,English,United States of America (the); Finland; United Kingdom of Great Britain and Northern Ireland (the),https://sitgesfilmfestival.com/en/film/2025/leyenda-ochi
2249-film_session,2025-10-11T17:45:00,2025-10-11T19:08:00,83,Cinema Casino Prado,False,False,2025-10-11,12165-film,Monster Island,Orang Ikan,2024,83,Mike Wiluan,"CEO and creative director of Infinite Studios, he has produced and directed both film and television. His feature film Motel Melati was screened in the Noves Visions section in 2023.","In 1944, a Japanese soldier and a British prisoner of war find themselves stranded on a deserted Pacific island, hunted by an amphibious creature. Two bitter enemies who are going to have to join forces to survive the unknown. This fast-paced cross between Predator and Hell in the Pacific presents a jungle survival story with evocative practical effects, and with a subtext about male friendship and family ties that is just as powerful as its eye-catching action scenes.","<strong>Director</strong><br />Mike Wiluan&nbsp;<br /><br /><strong>Writer</strong>&nbsp;<br />Mike Wiluan&nbsp;<br /><br /><strong>Cinematographer</strong>&nbsp;<br />Asep Kalila&nbsp;<br /><br /><strong>Editor</strong>&nbsp;<br />Lim Yen&nbsp;<br /><br /><strong>With</strong>&nbsp;<br />Dean Fujioka, Callum Woodhouse, Alan Maxson&nbsp;",Fiction,Panorama,,,Feature film,Indonesian,Singapore; Indonesia,https://sitgesfilmfestival.com/en/film/2025/orang-ikan
2520-film_session,2025-10-11T18:00:00,2025-10-11T19:36:00,96,Sala Llevant,True,False,2025-10-11,12260-film,La invasión de los zombies atómicos,La invasión de los zombies atómicos,1980,91,,,"Dean Miller heads to the airport to interview a renowned nuclear scientist who has just arrived in town. But at that precise moment, a group of hungry beasts emerge from the plane.",<strong>Director</strong><br />Umberto Lenzi&nbsp;,,Brigadoon,,,Feature film,Italian,Italy; Spain,https://sitgesfilmfestival.com/en/film/2025/invasion-zombies-atomicos
2568-film_session,2025-10-11T18:30:00,2025-10-11T20:25:00,115,Sala Auditori Meliá,True,False,2025-10-11,13305-film,We Bury The Dead,We Bury The Dead,2024,95,Zak Hilditch,"Australian filmmaker specializing in genre, he has directed and written films including These Final Hours (2013) and the Stephen King adaptation 1922 (2017).","When her husband goes missing following a catastrophic military experiment that decimates the population of Tasmania, Ava goes to join a &ldquo;body retrieval unit&rdquo; in the hope of eventually finding him still alive. But her search takes a chilling turn when the corpses that she's burying start showing signs of life. Daisy Ridley, star of the most recent Star Wars film franchise, plays the lead in this vibrant post-apocalyptic thriller.","<strong>Director</strong><br />Zak Hilditch  <br /><strong>Writer</strong><br />Zak Hilditch  <br /><strong>Cinematography</strong><br />Steve Annis  <br /><strong>Editor</strong><br />Merlin Eden  <br /><strong>With</strong><br />Daisy Ridley, Brenton Thwaites",Fiction,Oficial Fantàstic Competició,,,Feature film,English,Australia,https://sitgesfilmfestival.com/en/film/2025/we-bury-dead
2195-film_session,2025-10-11T19:00:00,2025-10-11T20:22:00,82,Cinema Escorxador,False,False,2025-10-11,13274-film,The True Beauty of Being Bitten by a Tick,The True Beauty of Being Bitten by a Tick,2025,82,Pete Ohs,"Trained in the field of editing, he has directed feature films that have garnered awards at festivals such as Everything Beautiful Is Far Away (2017) and Jethica (2022).",A woman visits her friend's countryside home and joins a small group of guests to experience what promises to be a relaxed weekend of fine dining and games. But everything is going to change when she&rsquo;s bitten by a tick and a series of disturbing events are set in motion that will wind up turning their idyllic retreat into something sinister. A highly disturbing indie horror movie that was a big hit at the most recent SXSW film festival.,"<p><strong>Director</strong><br />Pete Ohs<br /><br /><strong>Writer</strong><br />Pete Ohs, Callie Hernandez, Jeremy O. Harris, Zo&euml; Chao, James Cusati-Moyer&nbsp;<br /><br /><strong>Cinematographer</strong><br />Pete Ohs&nbsp;<br /><br /><strong>Editor</strong><br />Pete Ohs&nbsp;<br /></p><p><strong>With</strong></p><p>Zo&euml; Chao, Callie Hernandez, Jeremy O. Harris&nbsp;</p>&nbsp;&nbsp;&nbsp;&nbsp;",Fiction,Noves Visions,,,Feature film,English,United States of America (the),https://sitgesfilmfestival.com/en/film/2025/true-beauty-being-bitten-tick
2564-film_session,2025-10-11T19:30:00,2025-10-11T21:29:00,119,Cinema Casino Prado,True,False,2025-10-11,13299-film,V/H/S/Halloween,V/H/S/Halloween,2025,114,,,"Our favorite found footage franchise is back, and on this occasion, it&rsquo;s celebrating the spooky season with a collection of Halloween-themed videotapes that unleash a series of macabre and blood-soaked stories, turning trick-or-treating into a genuine struggle for survival. This latest installment features stories by Alex Ross Perry, director of Her Smell (2018), Paco Plaza, creator of Veronica (2017), and Anna Zlokovic, filmmaker behind Appendage (2023), among others.","<strong>Director</strong><br />Casper Kelly, Bryan M. Ferguson, R.H. Norman, Alex Ross Perry, Micheline Pitt, Paco Plaza, Anna Zlokovic  <br /><strong>Guion</strong><br />Bryan M. Ferguson, Alberto Marini, R.H.Normal, Micheline Pitt, Paco Plaza, Anna Zlokovic  <br /><strong>Fotograf&iacute;a</strong> <br />Adri&aacute;n Hern&aacute;ndez, Robert Kolodny, Owen Laird, Powell Robinson  <br /><strong>Editor</strong><br />Alex Familian, Bryan M. Ferguson, Robert Kolodny  <br /><strong>With</strong><strong></strong><br />Lawson Greyson, Sarah Nicklin, Jenna Hogan",Fiction,Sitges Collection,,,Feature film,English,United States of America (the),https://sitgesfilmfestival.com/en/film/2025/vhshalloween
2368-film_session,2025-10-11T19:45:00,2025-10-11T21:26:00,101,Sala Tramuntana Meliá,False,False,2025-10-11,13224-film,Singular,Singular,2024,101,,,,,Fiction,Oficial Fantàstic Competició,,,Feature film,Spanish,Spain; Finland,https://sitgesfilmfestival.com/en/film/2025/singular
2477-film_session,2025-10-11T20:45:00,2025-10-11T22:17:00,92,Sala Auditori Meliá,True,False,2025-10-11,12142-film,Gaua,Gaua,2025,87,Paul Urkijo,"A Basque director and screenwriter, he's a great fan of the fantastic genre and mythology, especially from his homeland, and on which he bases part of his work. In Sitges he presented the short Dar-dar (2020) and the feature Errementari (2017).",,,Fiction,Oficial Fantàstic Competició,,,Feature film,Basque,Spain; United States of America (the),https://sitgesfilmfestival.com/en/film/2025/gaua
2281-film_session,2025-10-11T20:45:00,2025-10-11T22:09:00,84,Cinema Escorxador,False,False,2025-10-11,12204-film,Dead Lover,Dead Lover,2025,84,Grace Glowicki,"Canadian director, screenwriter, and actress, Dead Lover is her second feature film behind the camera, after debuting in 2019 with Tito.","A lonely gravedigger, whose body stinks of dead flesh, finally winds up meeting the man of her dreams. But soon after, their blissful love life is cut short by a tragic event: her prince charming dies, drowned at sea. Determined to bring him back to life no matter what it takes, the gravedigger will begin to conduct a series of crazy and... very morbid scientific experiments. One of the huge sensations in the Midnight section at the most recent Sundance Film Festival.","<strong>Director</strong> <br />Grace Glowicki  <br /><strong>Writer</strong> <br />Grace Glowicki, Ben Petrie  <br /><strong>Cinematography</strong> <br />Rhayne Vermette  <br /><strong>Editor</strong> <br />Lev Lewis  <br /><strong>With</strong> <br />Grace Glowicki, Ben Petrie, Leah Doz",Fiction,Noves Visions,,,Feature film,English,Canada,https://sitgesfilmfestival.com/en/film/2025/dead-lover
2288-film_session,2025-10-11T21:30:00,2025-10-11T23:09:00,99,Mercat Vell,False,False,2025-10-11,12291-film,Muertas Vivas / Dead Women Walking,Muertas Vivas,2023,86,,,,,Fiction,Sessió Pop Corn,,,Feature film,Spanish,Chile,https://sitgesfilmfestival.com/en/film/2025/muertas-vivas
2479-film_session,2025-10-11T22:00:00,2025-10-12T00:04:00,124,Sala Tramuntana Meliá,True,True,2025-10-11,13135-film,Her Will Be Done,Que ma volonté soit faite,2025,99,,,,,Fiction,Oficial Fantàstic Competició,,,Feature film,French; Polish,France; Poland,https://sitgesfilmfestival.com/en/film/2025/her-will-be-done
2466-film_session,2025-10-11T22:00:00,2025-10-11T23:25:00,85,Sala Llevant,True,False,2025-10-11,13084-film,Death Cycle,Death Cycle,2025,80,,,"Following the death of her sister, a woman receives a visit from a man looking to solve a series of murders committed by a motorcycle-riding maniac. As their shared fear grows, the killer's rampage continues.",<strong>Director</strong><br />Gabriel Carrer,,Brigadoon,,,Feature film,English,Canada,https://sitgesfilmfestival.com/en/film/2025/death-cycle
2541-film_session,2025-10-11T22:00:00,2025-10-11T23:49:00,109,Cinema Casino Prado,True,False,2025-10-11,13227-film,Slanted,Slanted,2025,104,Amy Wang,"Co-writer of the Netflix series From Scratch and The Brothers Sun, her short film Unnatural won an award at Cannes Lions. Slanted is her first feature film.","Joan Huang, a Chinese-American teenager from southern United States, struggles through culture shock and a desperate need to fit in. Obsessed with being popular and becoming the prom queen, she undergoes racial modification surgery to literally become white. A satirical and unapologetic thriller that navigates between Mean Girls and The Substance, it won the Narrative Feature Award at the most recent edition of SXSW in Austin.","<strong>Director</strong><br />Amy Wang<br /><br /><strong>Writer</strong>&nbsp;<br />Amy Wang&nbsp;<br /><br /><strong>Cinematographer</strong>&nbsp;<br />Ed Wu&nbsp;<br /><br /><strong>Editor</strong>&nbsp;<br />Ryan Chan&nbsp;<br /><br /><strong>With</strong>&nbsp;<br />Shirley Chen, McKenna Grace, Maitreyi Ramakrishnan&nbsp;",Fiction,Panorama,,,Feature film,English; Mandarin,United States of America (the),https://sitgesfilmfestival.com/en/film/2025/slanted
2487-film_session,2025-10-11T22:45:00,2025-10-12T00:55:00,130,Sala Auditori Meliá,True,False,2025-10-11,12215-film,La hermanastra fea,Den stygge stesøsteren,2025,110,Emilie Blichfeldt,"Known for her daring and provocative short films, her graduation project from the Norwegian Film School, Sara's Intimate Confessions (2018), was screened at both the Locarno and Clermont-Ferrand film festivals.","Elvira, the ugly stepsister in a well-to-do family, gets ready to win over the prince's affections at any cost. In a kingdom where beauty is a ruthless business, Elvira will compete with the gorgeous and charming Agnes, her beautiful stepsister, to become the queen of the ball. A sinister retelling of the Cinderella story with high doses of body horror, it was a smash hit in the midnight section of the Sundance Film Festival.<br /><br />&nbsp;","<strong>Director</strong><br />Emilie Blichfeldt<br /><br /><strong>Writer</strong><br />Emilie Blichfeldt&nbsp;<br /><br /><strong>Cinematograph</strong>&nbsp;<br />Marcel Zyskind&nbsp;<br /><br /><strong>Editor</strong>&nbsp;<br />Olivia Neergaard-Holm&nbsp;<br /><br /><strong>With</strong>&nbsp;<br />Lea Myren, Ane Dahl Torp, Thea Sofie Loch N&aelig;ss&nbsp;",Fiction,Oficial Fantàstic Competició,,,Feature film,Norwegian,Norway; Poland; Denmark; Romania; Sweden,https://sitgesfilmfestival.com/en/film/2025/hermanastra-fea
2271-film_session,2025-10-11T22:45:00,2025-10-12T00:26:00,101,Cinema Escorxador,True,True,2025-10-11,12282-film,Horror and Love,Horror and Love,2025,76,,,,,Documentary,Sitges Documenta; Sitges Family - Teens,,,Feature film,Spanish; English,Spain,https://sitgesfilmfestival.com/en/film/2025/horror-and-love
2362-film_session,2025-10-12T00:30:00,2025-10-12T05:18:00,288,Sala Tramuntana Meliá,False,False,2025-10-12,13094-film,Dolly,Dolly,2025,83,Rod Blackhurst,"Screenwriter, producer, and director nominated for two Emmy Awards for his popular Netflix documentary Amanda Knox (2016).","Macy has to fight to survive after she is kidnapped by a deranged monster who is determined to raise her as if she was his own daughter. This twisted fairy tale, which is born out of a profound love for genre, features a 2000s comedy icon of the likes of Stifler (Seann William Scott) from American Pie, as well as current NWA wrestling champion Max the Impaler, in order to achieve a daring blend of French neo-extremism and 1970s American horror.","<strong>Director</strong><br />Rod Blackhurst<br /><br /><strong>Writer&nbsp;</strong>&nbsp;<br />Rod Blackhurst, Brandon Weavil&nbsp;<br /><br /><strong>Cinematographer</strong>&nbsp;<br />Justin Derry&nbsp;<br /><br /><strong>Editor</strong>&nbsp;<br />Justin Oakey&nbsp;<br /><br /><strong>With</strong>&nbsp;<br />Seann William Scott, Fabianne Therese, Max the Impaler&nbsp;",Fiction,Midnight X-Treme,,,Feature film,English,United States of America (the),https://sitgesfilmfestival.com/en/film/2025/dolly
2362-film_session,2025-10-12T00:30:00,2025-10-12T05:18:00,288,Sala Tramuntana Meliá,False,False,2025-10-12,13175-film,Meat Kills,Vleesdag,2024,86,Martijn Smits,"Screenwriter and director with a passion for the fantastic genre and visual effects. His first feature film, Kill Zombie, was screened in more than 20 countries.","In Europe, 133 million pigs are mistreated on livestock farms. Mirthe, a young activist, will have to sneak into a local farm to secretly film these horrors if she wants to become a member of the radical group &ldquo;Animal Army,&rdquo; led by the fearless Nasha. When the desperate farmer defends his property, the mission will escalate into a bloody battle for their lives. A centennial survival story very much in the vein of the highly acclaimed Wake Up.","<strong>Director</strong><br />Martijn Smits<br /><br /><strong>Writer</strong>&nbsp;<br />Johan Paul de Vrijer&nbsp;<br /><br /><strong>Cinematographer</strong>&nbsp;<br />Rogier Jaarsma&nbsp;<br /><br /><strong>Editor</strong>&nbsp;<br />Victor Grandia&nbsp;<br /><br /><strong>With</strong>&nbsp;<br />Caro Derkx, Emma Josten, Bart Oomen&nbsp;",Fiction,Midnight X-Treme,,,Feature film,Dutch,Netherlands (the),https://sitgesfilmfestival.com/en/film/2025/meat-kills
2362-film_session,2025-10-12T00:30:00,2025-10-12T05:18:00,288,Sala Tramuntana Meliá,False,False,2025-10-12,13146-film,Karmadonna,Karmadonna,2025,119,Aleksandar Radivojević,"The enfant terrible of Serbian cinema, he was the screenwriter for A Serbian Film (2010), one of the most controversial films of its time. Karmadonna is his directorial debut.","A pregnant woman, guided by an incorporeal voice that whispers through some wireless headphones, is transformed into a weapon directed against the system that shaped her and condemned her to the world around her. Half feverish dream, half political outcry, this psychedelic thriller is aimed at a generation addicted to their cell phones and who see pregnancy as an act of rebellion. Dystopian horror in the form of a fable, arriving straight from the Toronto Film Festival.","<strong>Director</strong><br />Aleksandar Radivojević<br /><br /><strong>Writer</strong>&nbsp;<br />Aleksandar Radivojević&nbsp;<br /><br /><strong>Cinematographer</strong>&nbsp;<br />Aleksandar Jakonić&nbsp;<br /><br /><strong>Editor</strong>&nbsp;<br />Branimir Živković&nbsp;<br /><br /><strong>With</strong>&nbsp;<br />Jelena Đokić, Sergej Trifunović, Miomir Mima Karadžić&nbsp;",Fiction,Midnight X-Treme,,,Feature film,Serbian,Serbia; United Kingdom of Great Britain and Northern Ireland (the),https://sitgesfilmfestival.com/en/film/2025/karmadonna
2489-film_session,2025-10-12T00:30:00,2025-10-12T06:26:00,356,Cinema Casino Prado,True,False,2025-10-12,12179-film,Re-Animator,Re-Animator,1985,105,Stuart Gordon,,"Following a series of failed experiments in Europe, scientist Herbert West travels to the United States to work at Miskatonic University. Once there, he will continue his dangerous research, which aims to come up with a formula that will allow him to reanimate the dead. Stuart Gordon's Grand Guignolesque and Lovecraftian masterpiece turns 40, and we're celebrating it with a restored copy and part of the crew that participated in the film.","<strong>Director</strong><br />Stuart Gordon&nbsp;<br /><br /><strong>Writer</strong>&nbsp;<br />Dennis Paoli, William Norris, Stuart Gordon&nbsp;<br /><br /><strong>Cinematographer</strong>&nbsp;<br />Mac Ahlberg&nbsp;<br /><br /><strong>Editor</strong>&nbsp;<br />Lee Percy&nbsp;<br /><br /><strong>With</strong>&nbsp;<br />Jeffrey Combs, Bruce Abbott, Barbara Crampton&nbsp;",Fiction,Retrospectiva,,,Feature film,English; German,United States of America (the),https://sitgesfilmfestival.com/en/film/2025/re-animator
2489-film_session,2025-10-12T00:30:00,2025-10-12T06:26:00,356,Cinema Casino Prado,True,False,2025-10-12,13181-film,My Daughter is a Zombie,Jom-bi-ttal,2025,114,Pil Gam-sung,"He has directed several short films and a TV series. Hostage: Missing Celebrity, his feature film debut, received five nominations for the Blue Dragon Awards.","In order to protect his daughter, who has been infected by a zombie virus that has spread throughout the world, Jung-hwan heads to a quiet coastal town where his mother lives. While society persecutes those who are infected, they live there in secret, concealing their unusual family unit. The father draws on his experience as a wild animal trainer and embarks on a life-or-death mission: to tame a zombie. An endearing comedy that will make you cry, but from laughing.","<strong>Director</strong><br />Pil Gam-sung&nbsp;<br /><br /><strong>Writer</strong>&nbsp;<br />Pil Gam-sung, Kim Hyun&nbsp;<br /><br /><strong>Cinematographer</strong>&nbsp;<br />Kim Tae-soo&nbsp;<br /><br /><strong>Editor</strong>&nbsp;<br />Nam Na-young&nbsp;<br /><br /><strong>With</strong>&nbsp;<br />Cho Jung-seok, Lee Jung-eun, Cho Yeo-jeong&nbsp;",Fiction,Panorama,,,Feature film,Korean,Korea (the Republic of),https://sitgesfilmfestival.com/en/film/2025/my-daughter-zombie
2489-film_session,2025-10-12T00:30:00,2025-10-12T06:26:00,356,Cinema Casino Prado,True,False,2025-10-12,12224-film,Queens of the Dead,Queens of the Dead,2025,101,Tina Romero,"After making two promising short films, Rainbowarrior (2008) and Little Girl Blue (2012), Queens of the Dead is her first feature film as both director and screenwriter.","When a zombie apocalypse breaks out in Brooklyn on the night of a massive warehouse party, an eclectic group of drag queens, club kids, and frenemies are going to have to put their personal dramas aside and utilize all their abilities to fight together against the brain-hungry living dead. The feature film directorial debut of George A. Romero's daughter, who has extended her father's legacy into the realms of queer cinema and unrestrained comedy.","<p><strong>Director</strong><br />Tina Romero<br /><br /><strong>Writer</strong>&nbsp;<br />Tina Romero, Erin Judge&nbsp;<br /></p><p><strong>Cinematograph</strong>&nbsp;<br />Shannon Madden&nbsp;<br /><br /><strong>Editor</strong>&nbsp;<br />Aden Hakimi&nbsp;<br /><br /><strong>With</strong>&nbsp;<br />Katy O'Brian, Jaquel Spivey, Margaret Cho&nbsp;</p>",Fiction,Midnight X-Treme,,,Feature film,English,United States of America (the),https://sitgesfilmfestival.com/en/film/2025/queens-dead
2250-film_session,2025-10-12T00:45:00,2025-10-12T02:22:00,97,Cinema Escorxador,False,False,2025-10-12,13091-film,Dog of God,DIEVA SUNS,2025,97,Raitis Abele and Lauris Abele,"A duo of directors, producers, editors, and screenwriters, often joined by their younger brother, Marcis, as director of photography.","In a 17th-century Swedish village in Livonia, constant rain and drunkenness reign supreme. When a stolen relic triggers accusations of witchcraft, an 80-year-old self-proclaimed werewolf named &ldquo;Dog of God&rdquo; arrives in town with a mysterious gift: the Devil&rsquo;s Balls. A perverse and fascinating fairy tale that will remain engraved in fire in the subconscious of all viewers like a sort of feverish dream, or more precisely, an exquisite nightmare.","<strong>Director</strong><br />Raitis Abele, Lauris Abele&nbsp;<br /><br /><strong>Writer</strong>&nbsp;<br />Ivo Briedis, Raitis Abele, Lauris Abele, Harijs Grundmanis&nbsp;<br /><br /><strong>Cinematographer</strong>&nbsp;<br />Marcis Abele&nbsp;<br /><br /><strong>Editor</strong>&nbsp;<br />Raitis Abele, Lauris Abele&nbsp;<br /><br /><strong>With</strong>&nbsp;<br />Agate Krista, Jurgis Spulenieks, Regnars Vaivars&nbsp;",Fiction,Anima't,,,Feature film,Latvian; German,Latvia; United States of America (the),https://sitgesfilmfestival.com/en/film/2025/dog-god
2471-film_session,2025-10-12T01:15:00,2025-10-12T04:32:00,197,Sala Auditori Meliá,True,False,2025-10-12,13124-film,Fuck My Son!,Fuck My Son!,2025,94,Todd Rohal,"A high school janitor, he has written and directed short films and feature films, as well as several specials for the television show Adult Swim.","A highly peculiar immersion in demented comedy and maniacal horror but with an X rating, where a decrepit mother drags a perfectly innocent stranger into an absurd, filthy, and incomprehensible nightmare: she will stop at nothing in order to help her &ldquo;mutant son&rdquo; lose his virginity. An unflinchingly faithful adaptation of the repugnant comic by American artist Johnny Ryan. The most abject cinematic exercise to appear since Pink Flamingos.","<strong>Director</strong><br />Todd Rohal<br /><br /><strong>Writer</strong>&nbsp;<br />Todd Rohal&nbsp;<br /><br /><strong>Cinematographer</strong>&nbsp;<br />Benjamin Kasulke, DDS&nbsp;<br /><br /><strong>Editor</strong>&nbsp;<br />Todd Rohal&nbsp;<br /><br /><strong>With</strong>&nbsp;<br />Tipper Newton, Robert Longstreet, Steve Little&nbsp;",Fiction,Midnight X-Treme,,,Feature film,English,United States of America (the),https://sitgesfilmfestival.com/en/film/2025/fuck-my
2471-film_session,2025-10-12T01:15:00,2025-10-12T04:32:00,197,Sala Auditori Meliá,True,False,2025-10-12,13120-film,Flush,Flush,2025,70,Grégory Morin,"Filmmaker, cinematographer, and editor known for the short film Paris by Night of the Living Dead (2009). Flush is his debut feature film.","Luc's head has gotten stuck in the toilet. While he attempts to escape, he will have to contend with the other users of the restroom where the story takes place, the only location in the film, including a cocaine-addicted rat and Sam, the owner of the bar where he is trapped, who has given him up for dead. From this wacky premise emerges a work of absolute creativity that is unlike anything else you've ever seen before. Scatological horror in its purest form.","<strong>Director</strong><br />Gr&eacute;gory Morin<br /><br /><strong>Writer</strong><br />David Neiss&nbsp;<br /><br /><strong>Cinematographer</strong>&nbsp;<br />Mathieu de Montgrand&nbsp;<br /><br /><strong>Editor</strong>&nbsp;<br />Pauline Pallier&nbsp;<br /><br /><strong>With</strong>&nbsp;<br />Jonathan Lambert, &Eacute;lodie Navarre, Elliot Jenicot&nbsp;",Fiction,Midnight X-Treme,,,Feature film,French,France; United Kingdom of Great Britain and Northern Ireland (the),https://sitgesfilmfestival.com/en/film/2025/flush
2309-film_session,2025-10-12T08:15:00,2025-10-12T10:06:00,111,Sala Auditori Meliá,False,False,2025-10-12,12146-film,La vida de Chuck,The Life of Chuck,2024,111,Mike Flanagan,"A master of film and television with a focus on the horror genre, his most notable productions include Gerald's Game (2017) and the series The Haunting of Hill House (2018).","The story, presented in reverse order, of an ordinary man whose existence takes on a cosmic and profound meaning. As the film travels back in time through his entire life, we will discover key fragments of his past: his work, his love of music, and his personal struggles. An emotional jigsaw puzzle that combines both realism and fantasy. The creator of Midnight Mass masterfully adapts one of Stephen King's most poetic novellas for the big screen.&nbsp;","<p><strong>Director</strong><br />Mike Flanagan<br /><br /><strong>Writer</strong>&nbsp;<br />Mike Flanagan&nbsp;<br /><br /><strong>Cinematograph</strong></p><p>Eben Bolter&nbsp;<br /><br /><strong>Editor</strong>&nbsp;<br />Mike Flanagan&nbsp;<br /><br /><strong>With</strong>&nbsp;<br />Tom Hiddleston, Chiwetel Ejiofor, Karen Gillan&nbsp;</p>",Fiction,Oficial Fantàstic Competició,,,Feature film,English,United States of America (the),https://sitgesfilmfestival.com/en/film/2025/vida-chuck
2360-film_session,2025-10-12T08:15:00,2025-10-12T09:53:00,98,Sala Tramuntana Meliá,False,False,2025-10-12,12175-film,Esa cosa con alas,The Thing with Feathers,2025,98,Dylan Southern,"A British filmmaker, he is well-known for his documentaries, including No Distance Left to Run (2010), dedicated to the band Blur.","Struggling to come to terms with his wife's unexpected death, a young father completely loses touch with reality when an apparently malevolent presence begins to stalk him from the dark corners of the apartment he shares with his two young sons. An adaptation of Max Porter's novel Grief Is the Thing with Feathers, where Benedict Cumberbatch delivers an emotionally compelling performance, drawing on his character's vulnerabilities.","<strong>Director</strong><br />Dylan Southern<br /><br /><strong>Writer</strong>&nbsp;<br />Dylan Southern&nbsp;<br /><br /><strong>Cinematographer</strong>&nbsp;<br />Ben Fordesman&nbsp;<br /><br /><strong>Editor</strong>&nbsp;<br />George Cragg&nbsp;<br /><br /><strong>With</strong>&nbsp;<br />Benedict Cumberbatch, Richard Boxall, Henry Boxall&nbsp;",Fiction,Oficial Fantàstic Competició,,,Feature film,English,United Kingdom of Great Britain and Northern Ireland (the); United States of America (the),https://sitgesfilmfestival.com/en/film/2025/esa-cosa-alas
2259-film_session,2025-10-12T08:30:00,2025-10-12T09:59:00,89,Cinema Escorxador,False,False,2025-10-12,13112-film,Every Heavy Thing,Every Heavy Thing,2024,89,Mickey Reece,Independent filmmaker known for his prolific production and his auteuristic challenge of the boundaries of genre. Director of Agnes (2021).,"In Hightown City, women are disappearing without a trace. Joe, a disillusioned advertising salesman, stumbles upon a trail of disturbing clues during his routine calls. As he becomes more and more obsessed with the case, Joe finds himself entangled in a web of secrets that forces him to come to terms with the truth, but also with his own involvement. Devastatingly funny and deeply atmospheric, it features the appearance of iconic scream queen Barbara Crampton.","<strong>Director</strong><br />Mickey Reece<br /><br /><strong>Writer</strong>&nbsp;<br />Mickey Reece&nbsp;<br /><br /><strong>Cinematographer</strong>&nbsp;<br />Samuel Calvin&nbsp;<br /><br /><strong>Editor</strong>&nbsp;<br />Mickey Reece&nbsp;<br /><br /><strong>With</strong>&nbsp;<br />Josh Fadem, Tipper Newton, James Urbaniak&nbsp;",Fiction,Noves Visions,,,Feature film,English,United States of America (the),https://sitgesfilmfestival.com/en/film/2025/every-heavy-thing
2357-film_session,2025-10-12T10:15:00,2025-10-12T12:04:00,109,Sala Tramuntana Meliá,False,False,2025-10-12,13104-film,The Last Rapture,El último arrebato,0,109,,,,,Documentary,Noves Visions; Sitges Documenta,,,Feature film,Spanish,Spain,https://sitgesfilmfestival.com/en/film/2025/ultimo-arrebato
2544-film_session,2025-10-12T10:30:00,2025-10-12T12:36:00,126,Cinema Escorxador,True,True,2025-10-12,13243-film,The 'Burbs,The 'Burbs,1989,101,,,"When some new tenants move into the typical American suburb, Ray Peterson and his friends allow themselves to get carried away by paranoia and they begin to become suspicious of the newcomers. This isn't how Ray, who prefers to drink beer, read the newspaper, or watch baseball games, expected to spend his vacation time, but when Walter, an elderly neighborhood man, disappears, he and his gang embark on a harrowing investigation. Joe Dante's best black comedy.","<strong>Director</strong><br />Joe Dante<br /><br /><strong>Writer</strong>&nbsp;<br />Dana Olsen&nbsp;<br /><br /><strong>Cinematographer</strong>&nbsp;<br />Robert M. Stevens&nbsp;<br /><br /><strong>Editor</strong>&nbsp;<br />Marshall Harvey&nbsp;<br /><br /><strong>With</strong>&nbsp;<br />Tom Hanks, Bruce Dern, Carrie Fisher&nbsp;",Fiction,Retrospectiva,,,Feature film,English,United States of America (the),https://sitgesfilmfestival.com/en/film/2025/burbs
2481-film_session,2025-10-12T10:30:00,2025-10-12T12:14:00,104,Sala Auditori Meliá,True,False,2025-10-12,13135-film,Her Will Be Done,Que ma volonté soit faite,2025,99,,,,,Fiction,Oficial Fantàstic Competició,,,Feature film,French; Polish,France; Poland,https://sitgesfilmfestival.com/en/film/2025/her-will-be-done
2332-film_session,2025-10-12T12:00:00,2025-10-12T13:35:00,95,Sala Llevant,False,False,2025-10-12,13240-film,Test Screening,Test Screening,2024,95,,,"In a decadent Oregon town, excitement has been building up for days. A Hollywood studio is holding a test screening of a blockbuster movie. Will it be the new one by Carpenter, the latest Spielberg, or a new installment of Star Trek?",<strong>Director</strong><br />Clark Baker,,Brigadoon,,,Feature film,English,United States of America (the),https://sitgesfilmfestival.com/en/film/2025/test-screening
2284-film_session,2025-10-12T12:00:00,2025-10-12T13:29:00,89,Mercat Vell,False,False,2025-10-12,13505-film,Hanna and the Forgotten Christmas,Hanna i els Nadals oblidats,2025,89,,,,,Fiction,Sitges Family - Kids,,,Feature film,Catalan,Spain; Uruguay,https://sitgesfilmfestival.com/en/film/2025/hanna-nadals-oblidats
2313-film_session,2025-10-12T12:30:00,2025-10-12T14:05:00,95,Sala Auditori Meliá,False,False,2025-10-12,12174-film,La leyenda de Ochi,The Legend of Ochi,2025,95,Isaiah Saxon,"American director and screenwriter known for his innovative music videos for artists including Björk and Grizzly Bear. The Legend of Ochi, produced by A24, is his debut feature film.","Yuri has been raised to fear the creatures of the forest known as Ochi. Nevertheless, when she discovers a baby Ochi that has been left behind by its pack, she embarks on a perilous journey to reunite the creature with its family. As Yuri ventures deeper into the forest, she faces dangerous challenges and learns valuable lessons about courage, friendship, and the importance of protecting nature.","<p><strong>Director</strong><br />Isaiah Saxon<br /><br /><strong>Writer</strong><br />Isaiah Saxon&nbsp;<br /><br /><strong>Cinematograph</strong><br />Evan Prosofsky&nbsp;</p><p><strong>Editor</strong><br />Paul Rogers&nbsp;<br /><br /><strong>With</strong>&nbsp;<br />Helena Zengel, Willem Dafoe, Finn Wolfhard&nbsp;</p>&nbsp;&nbsp;",Fiction,Oficial Fantàstic Competició,,,Feature film,English,United States of America (the); Finland; United Kingdom of Great Britain and Northern Ireland (the),https://sitgesfilmfestival.com/en/film/2025/leyenda-ochi
2369-film_session,2025-10-12T12:30:00,2025-10-12T14:05:00,95,Sala Tramuntana Meliá,False,False,2025-10-12,13114-film,Exit 8,8-BAN DEGUCHI,2025,95,Genki Kawamura,,,,Fiction,Oficial Fantàstic Competició,,,Feature film,Japanese,Japan,https://sitgesfilmfestival.com/en/film/2025/exit-8
2414-film_session,2025-10-12T13:00:00,2025-10-12T14:30:00,90,Cinema Escorxador,True,False,2025-10-12,12163-film,Allegro non troppo,Allegro non troppo,1976,85,,,"Contrasting the optimism of Fantasia (1940) about Western progress, this over-the-top parody of the original Disney movie offers a very peculiar version. An enthusiastic filmmaker thinks he's had an original idea: animation with classical music! When he discovers that this already exists, he decides to create his own interpretation, with an orchestra of old ladies and an animator locked in a dungeon. A delirious tale with music by Vivaldi and Stravinsky, among others.","<p><strong>Director</strong><br />Bruno Bozzetto<br /><br /><strong>Writer</strong><br />Bruno Bozzetto, Guido Manuli, Maurizio Nichetti&nbsp;<br /><br /><strong>Cinematographer</strong><br />Luciano Marzetti, Mario Masini&nbsp;<br /><br /><strong>Editor</strong><br />Giancarlo Rossi&nbsp;<br /></p><p><strong>With</strong></p><p>Maurizio Nichetti, Maurizio Micheli, Maurialuisa Giovannini&nbsp;</p>&nbsp;&nbsp;&nbsp;&nbsp;",Fiction,Anima't - Sitges Clàssics,,,Feature film,Italian,Italy,https://sitgesfilmfestival.com/en/film/2025/allegro-non-troppo
2421-film_session,2025-10-12T13:30:00,2025-10-12T15:08:00,98,Cinema Casino Prado,False,False,2025-10-12,12188-film,Arco,Arco,2025,98,Ugo Bienvenu,"French illustrator and filmmaker known for his experimental animation and graphic novels. He has directed music videos and short films, and worked with major brands and publications including Métal Hurlant and Hermès.","In 2075, a ten-year-old girl named Iris witnesses a mysterious boy dressed in a rainbow suit fall from the sky. His name is Arco, and he's come from an idyllic, distant future where time travel is possible. Iris takes him in and will do whatever it takes to help him return to his own time. An animation gem arriving fresh from the Annecy Film Festival, where it won awards for Best Feature Film and Best Original Soundtrack.","<strong>Director</strong><br />Ugo Bienvenu  <br /><strong>Writer</strong><br />Ugo Bienvenu, Felix De Givry  <br /><strong>Cinematography&nbsp;</strong><br />Adam Sillard  <br /><strong>Editor</strong><br />Nathan Jacquard  <br /><strong>With</strong><br />Swann Arlaud, Alma Jodorowsky, Margot Ringard Oldra",Fiction,Sitges Collection; Anima't; Sessió Escoles,,,Feature film,French,France,https://sitgesfilmfestival.com/en/film/2025/arco
2534-film_session,2025-10-12T14:30:00,2025-10-12T16:16:00,106,Sala Auditori Meliá,True,False,2025-10-12,13224-film,Singular,Singular,2024,101,,,,,Fiction,Oficial Fantàstic Competició,,,Feature film,Spanish,Spain; Finland,https://sitgesfilmfestival.com/en/film/2025/singular
2532-film_session,2025-10-12T14:30:00,2025-10-12T15:31:00,61,Sala Tramuntana Meliá,True,False,2025-10-12,13223-film,Silencio,Silencio,2025,56,Eduardo Casanova,"Director, screenwriter, and producer with a unique vision. He’s the creator behind the filmsPieles(2017) andPiety(2022), Special Jury Prize winner at Karlovy Vary.","Vampire sisters survive the shortage of &ldquo;clean human blood&rdquo; caused by the Black Death, but the real poison is the silence that surrounds them. Centuries later, one of their descendants is confronted with the same conflict during the AIDS pandemic in Spain, discovering that love between the &ldquo;sick&rdquo; and the &ldquo;healthy&rdquo; continues to provoke the same terror. A vampire tragicomedy that explores the depths of the human condition, freedom, and survival.","<strong>Director</strong><br />Eduardo Casanova<br /><br /><strong>Writer</strong>&nbsp;<br />Eduardo Casanova&nbsp;<br /><br /><strong>Cinematographer</strong>&nbsp;<br />Marino Pardo&nbsp;<br /><br /><strong>Editor</strong>&nbsp;<br />Angel Pazos&nbsp;<br /><br /><strong>With</strong>&nbsp;<br />Luc&iacute;a D&iacute;ez, Mar&iacute;a Le&oacute;n, Ana Polvorosa&nbsp;",Fiction,Oficial Fantàstic Competició,,,Feature film,Spanish,Spain,https://sitgesfilmfestival.com/en/film/2025/silencio
2227-film_session,2025-10-12T14:45:00,2025-10-12T16:17:00,92,Cinema Escorxador,False,False,2025-10-12,12178-film,Zodiac Killer Project,Zodiac Killer Project,2025,92,,,"Following his attempt to make a documentary based on the book of a deceased police officer, whose family refused to grant him the rights, Shackleton transforms his frustration into a deconstruction of this genre. A parody of Netflix's indistinguishable true crime shows, he uses deserted spaces as a backdrop to explore what could have been and was not, creating an unprecedented film essay that ironically describes the clich&eacute;s and commonplaces of these types of projects.","<strong>Director</strong><br />Charlie Shackleton<br /><strong>Cinematography</strong><br />Xenia Patricia<br /><strong>Editor</strong><br />Charlie Shackleton<br /><strong>With</strong><br />Charlie Shackleton, Guy Robbins, Lee Nicholas Harris",Documentary,Sitges Documenta,,,Feature film,English,United States of America (the); United Kingdom of Great Britain and Northern Ireland (the),https://sitgesfilmfestival.com/en/film/2025/zodiac-killer-project
2415-film_session,2025-10-12T15:45:00,2025-10-12T17:13:00,88,Cinema Casino Prado,True,False,2025-10-12,12193-film,ALL YOU NEED IS KILL,ALL YOU NEED IS KILL,2025,83,Kenichiro Akimoto,"He has worked in animation, storyboarding, and as a CGI director on various projects. His powerful narrative skills and visual talent have earned him international acclaim.","In Japan, an alien plant is devastating the environment, while a group of volunteers, including Rita, are engaged in reconstruction efforts. One day, some monstrous creatures are unleashed, and Rita dies, over and over again, trapped in a time loop. Together with Keiji, a young man also trapped in the same cyclical loop, they will fight to make sense of the chaos surrounding them. A vibrant animated adaptation of the story that inspired Edge of Tomorrow.<br /><br />&nbsp;","Director<br />Kenichiro Akimoto&nbsp;<br /><br />Writer&nbsp;<br />Yuichiro Kido&nbsp;<br /><br />Editor&nbsp;<br />Hirose Kiyoshi&nbsp;<br /><br />With&nbsp;<br />Ai Mikami, Natsuki Hanae&nbsp;<br /><br />&nbsp;",Fiction,Sitges Collection; Anima't,,,Feature film,Japanese,Japan,https://sitgesfilmfestival.com/en/film/2025/all-you-need-kill
2327-film_session,2025-10-12T16:00:00,2025-10-12T17:25:00,85,Sala Llevant,False,False,2025-10-12,12249-film,Bizarrofilia,Bizarrofilia,2024,85,Ayi Turzi,,"A documentary that sets out to investigate the origin and meaning of the word &ldquo;bizarre,&rdquo; focusing on contemporary films that proclaim themselves to be the standard-bearers of the strange.",<strong>Director</strong><br />Ayi Turzi,Documentary,Brigadoon; Sitges Documenta,,,Feature film,Spanish,Argentina,https://sitgesfilmfestival.com/en/film/2025/bizarrofilia
2351-film_session,2025-10-12T16:00:00,2025-10-12T17:27:00,87,Sala Tramuntana Meliá,False,False,2025-10-12,12145-film,It Ends,It Ends,2024,87,Alex Ullom,"A Jamaican filmmaker of Chinese origin, his debut feature film It Ends, which found funding thanks to a sketch on YouTube, had its world premiere at SXSW.","A group of students who have recently graduated from college set out on a late-night drive in search of food, in the hopes of enjoying one last night together before their paths go their separate ways. Crammed into a Jeep Cherokee, they will end up venturing into an endless two-lane hell, surrounded by incalculable horrors and inexplicable cosmic forces. An ingenious feature debut that uses a nightmarish, endless highway to explore the harrowing transition to adulthood.","<strong>Director</strong><br />Alexander Ullom<br /><br /><strong>Writer</strong>&nbsp;<br />Alexander Ullom&nbsp;<br /><br /><strong>Cinematographer</strong>&nbsp;<br />Evan Draper, Jazleana Jones&nbsp;<br /><br /><strong>Editor</strong>&nbsp;<br />Alexander Ullom&nbsp;<br /><br /><strong>With</strong>&nbsp;<br />Phinehas Yoon, Akira Jackson, Noah Toth&nbsp;",Fiction,Panorama,,,Feature film,English,United States of America (the),https://sitgesfilmfestival.com/en/film/2025/it-ends
2256-film_session,2025-10-12T16:30:00,2025-10-12T18:08:00,98,Cinema Escorxador,False,False,2025-10-12,12208-film,Endless Cookie,Endless Cookie,2025,98,"Seth Scriver, Pete Scriver","A duo of animators based in Canada. One of them, Seth Scriver, is previously credited as co-director and co-writer of the award-winning Asphalt Watches (2013).","With its highly imaginative and surprising animation, this family portrait explores the contrasts in the upbringing of two half-brothers, one white and the other indigenous, in an oral story full of humor. The two of them reminisce about their memories in front of a tape recorder, and the threads of their stories are interrupted by the charismatic members of an imaginary family, which includes nine children and ten dogs, who will contribute to the narrative with their own daydreams.","<strong>Director</strong> <br />Seth Scriver, Pete Scriver  <br /><strong>Writer</strong> <br />Seth Scriver, Pete Scriver  <br /><strong>Cinematography</strong> <br />Seth Scriver  <br /><strong>Editor</strong> <br />Sydney Cowper  <br /><strong>With</strong> <br />Seth Scriver, Pete Scriver, Kristin &ldquo;Cookie&rdquo; Scriver",Documentary,Anima't; Sitges Documenta,,,Feature film,English,Canada,https://sitgesfilmfestival.com/en/film/2025/endless-cookie
2575-film_session,2025-10-12T17:00:00,2025-10-12T18:37:00,97,Mercat Vell,False,False,2025-10-12,13547-film,El Asombro,El Asombro,0,97,,,,,Documentary,Sitges Family - Kids,,,Feature film,,Spain,https://sitgesfilmfestival.com/en/film/2025/asombro
2247-film_session,2025-10-12T17:35:00,2025-10-12T19:34:00,119,Cinema Casino Prado,False,False,2025-10-12,13136-film,Hi Five,Hi Five,2025,119,,,,,Fiction,Panorama,,,Feature film,Korean,Korea (the Republic of),https://sitgesfilmfestival.com/en/film/2025/hi-five
2425-film_session,2025-10-12T18:00:00,2025-10-12T19:20:00,80,Sala Tramuntana Meliá,True,False,2025-10-12,13057-film,Balearic,Balearic,2025,75,Ion  de  Sosa,"Basque filmmaker, screenwriter, and cinematographer known for low-budget fantastique gems such as Androids Dream (2014) and The Golden Legend (2019).","On the Eve of Saint John's Day, a night that is ripe for magic, a group of youngsters who have sneaked into the swimming pool of a luxurious house are attacked by three ferocious dogs that hold them captive there. Meanwhile, their neighbors get together for a party at a nearby villa to celebrate the beginning of summer. The bizarre and fascinating new film from the director of Androids Dream and Mam&aacute;ntula.","<strong>Director</strong><br />Ion de Sosa<br /><br /><strong>Writer</strong>&nbsp;<br />Ion de Sosa, Juan Gonza&aacute;lez, Chema Garc&iacute;a Ibarra, Lorena Iglesias, Juli&aacute;n G&eacute;nisson&nbsp;<br /><br /><strong>Cinematographer</strong>&nbsp;<br />Cristina Neira&nbsp;<br /><br /><strong>Editor</strong>&nbsp;<br />Sergio Jim&eacute;nez&nbsp;<br /><br /><strong>With</strong>&nbsp;<br />Christina Rosenvinge, Maria Llopis, Luka Peros&nbsp;",Fiction,Oficial Fantàstic Competició,,,Feature film,Spanish,Spain; France,https://sitgesfilmfestival.com/en/film/2025/balearic
2210-film_session,2025-10-12T18:30:00,2025-10-12T20:07:00,97,Cinema Escorxador,False,False,2025-10-12,13290-film,Transcending Dimensions,次元を超える,2025,97,Toshiaki Toyoda,"He made his directorial debut withTokyo Rampage(1999), a film that earned him the Directors Guild of Japan New Directors Award.","Monk Rosuke has disappeared. His lover, Nonoka, takes the assassin Shinno to a religious center to search for Rosuke. There they meet a sorcerer named Ajari. Meanwhile, Rosuke travels in a spaceship headed for an unknown planet known as Kelman, where he encounters a strange, elderly man, a coincidence that will lead to a battle of sorcery between Rosuke, Shinno, and Ajari. A genuine mixture of genres steeped in jazz and witchcraft.","<strong>Director</strong><br />Toshiaki Toyoda  <br /><strong>Writer</strong><br />Toshiaki Toyoda  <br /><strong>Cinematography</strong><br />Kenji Maki  <br /><strong>Editor</strong><br />Masaki Murakami  <br /><strong>With</strong><br />Yosuke Kubozuka, Ryuhei Matsuda, Chihara Jr.",Fiction,Noves Visions,,,Feature film,Japanese,Japan,https://sitgesfilmfestival.com/en/film/2025/transcending-dimensions
2183-film_session,2025-10-12T18:45:00,2025-10-12T20:18:00,93,Mercat Vell,False,False,2025-10-12,12301-film,The Magic Trap,The Magic Trap,2024,93,,,,,Fiction,Sitges Family - Kids,,,Feature film,Greek,Greece,https://sitgesfilmfestival.com/en/film/2025/magic-trap
2296-film_session,2025-10-12T19:00:00,2025-10-12T20:51:00,111,Sala Auditori Meliá,False,False,2025-10-12,12146-film,La vida de Chuck,The Life of Chuck,2024,111,Mike Flanagan,"A master of film and television with a focus on the horror genre, his most notable productions include Gerald's Game (2017) and the series The Haunting of Hill House (2018).","The story, presented in reverse order, of an ordinary man whose existence takes on a cosmic and profound meaning. As the film travels back in time through his entire life, we will discover key fragments of his past: his work, his love of music, and his personal struggles. An emotional jigsaw puzzle that combines both realism and fantasy. The creator of Midnight Mass masterfully adapts one of Stephen King's most poetic novellas for the big screen.&nbsp;","<p><strong>Director</strong><br />Mike Flanagan<br /><br /><strong>Writer</strong>&nbsp;<br />Mike Flanagan&nbsp;<br /><br /><strong>Cinematograph</strong></p><p>Eben Bolter&nbsp;<br /><br /><strong>Editor</strong>&nbsp;<br />Mike Flanagan&nbsp;<br /><br /><strong>With</strong>&nbsp;<br />Tom Hiddleston, Chiwetel Ejiofor, Karen Gillan&nbsp;</p>",Fiction,Oficial Fantàstic Competició,,,Feature film,English,United States of America (the),https://sitgesfilmfestival.com/en/film/2025/vida-chuck
2558-film_session,2025-10-12T19:45:00,2025-10-12T21:27:00,102,Sala Tramuntana Meliá,True,False,2025-10-12,13284-film,The Evil That Binds Us,Todos los males,2025,97,Nicolás Postiglione,"Filmmaker who studied at ARCIS University in Chile. His first feature film, Immersion (2021), garnered awards at several festivals.","In Valdivia (Chile) in the late 1950s, Daniel, a boy who has just lost his mother meets his father's German family, the Riedels, who are going to be responsible for taking care of him. Isolated by their cultural disconnect, he finds comfort in Ema, a girl who will reveal the Riedels' dark secrets to him. When Ema disappears and the tragedy is covered up, Daniel faces this betrayal and decides to seek revenge before leaving.","<strong>Director</strong><br />Nico Postiglione<br /><br /><strong>Writer</strong><br />Nico Postiglione<br /><br /><strong>Cinematographer</strong>&nbsp;<br />Benjam&iacute;n Echazarreta&nbsp;<br /><br /><strong>Editor</strong>&nbsp;<br />Guille Gatti&nbsp;<br /><br /><strong>With</strong>&nbsp;<br />Fernanda Finsterbusch, Catrin Striebeck, Tilo Werner&nbsp;",Fiction,Oficial Fantàstic Competició,,,Feature film,Spanish; German,Chile; Mexico,https://sitgesfilmfestival.com/en/film/2025/todos-males
2495-film_session,2025-10-12T20:00:00,2025-10-12T21:42:00,102,Cinema Casino Prado,True,False,2025-10-12,12151-film,Lo spettro  (4K),Lo spettro,1963,97,,,,,Fiction,Seven Chances,,,Feature film,Italian,Italy,https://sitgesfilmfestival.com/en/film/2025/spettro-4k
2199-film_session,2025-10-12T20:00:00,2025-10-12T21:32:00,92,Sala Llevant,False,False,2025-10-12,13279-film,They Call Her Death,They Call Her Death,2024,92,,,"In the wild frontier of the American countryside, Molly embarks on a bloody and ruthless crusade against the criminal forces that have wronged her. For her, this isn't a political act, it's personal.",<strong>Director</strong><br />Austin Snell,,Brigadoon,,,Feature film,English,United States of America (the),https://sitgesfilmfestival.com/en/film/2025/they-call-her-death
2497-film_session,2025-10-12T20:30:00,2025-10-12T22:44:00,134,Cinema Escorxador,True,True,2025-10-12,13166-film,Lucid,Lucid,2025,109,Deanna Milligan and Ramsey Fendall,"Directors of the Sublunar Films production company, they are dedicated to creating genre films and supporting emerging indie talent.","Mia, an art student who is on the verge of being expelled from school, finds her last hope for combating her creative block in a magical lucid dreaming elixir. But in addition to awakening her creativity, the potion also unleashes a number of dark monsters that inhabit her subconscious, one of which is her mother, who appears transformed into a hairy creature that Mia will be forced to confront. A dreamlike and surreal universe shot in 35 mm and Super 8.","<strong>Director</strong><br />Deanna Milligan, Ramsey Fendall<br /><br /><strong>Writer</strong>&nbsp;<br />Deanna Milligan, Ramsey Fendall&nbsp;<br /><br /><strong>Cinematographer</strong>&nbsp;<br />Ramsey Fendall&nbsp;<br /><br /><strong>Editor</strong>&nbsp;<br />Deanna Milligan, Ramsey Fendall&nbsp;<br /><br /><strong>With</strong>&nbsp;<br />Caitlin Acken Taylor, Georgia Acken, Amber Dandelion&nbsp;",Fiction,Noves Visions,,,Feature film,English,Canada,https://sitgesfilmfestival.com/en/film/2025/lucid
2293-film_session,2025-10-12T21:00:00,2025-10-12T22:36:00,96,Mercat Vell,False,False,2025-10-12,12295-film,Persepolis,Persepolis,2007,96,,,,,Fiction,Sitges Family - Kids en Acció,,,Feature film,,France; United States of America (the),https://sitgesfilmfestival.com/en/film/2025/persepolis
2468-film_session,2025-10-12T21:15:00,2025-10-12T23:10:00,115,Sala Auditori Meliá,True,False,2025-10-12,13114-film,Exit 8,8-BAN DEGUCHI,2025,95,Genki Kawamura,,,,Fiction,Oficial Fantàstic Competició,,,Feature film,Japanese,Japan,https://sitgesfilmfestival.com/en/film/2025/exit-8
2197-film_session,2025-10-12T21:45:00,2025-10-12T23:22:00,97,Sala Tramuntana Meliá,False,False,2025-10-12,13275-film,The Vile,Hoba,2025,97,Majid Al Ansari,"Director of the first Emirati feature film acquired by Netflix,Zinzana (Rattle the Cage,2015), and creator of the seriesParanormal(2020).","Amani lives a happy life, until her husband Khalid brings home his new wife, Zahra. Determined to fight for their daughter Noor, Amani stays and tries to reassert her role as the matriarch, despite the fact that living with Zahra is emotionally devastating for her. Paranormal and sinister occurrences begin to plague the household, leaving Noor concerned about her mother's sanity. Supernatural horror that explores polygamy, trauma, and betrayal through a mother-daughter relationship.","<strong>Director</strong><br />Majid Al Ansari  <br /><strong>Writer</strong><br />Majid Al Ansari, Johnnie Alward  <br /><strong>Cinematography</strong><br />Benjamin Kirk Nielsen  <br /><strong>Montaje</strong><br />Ghalya Lacroix, Hafedh Laridhi  <br /><strong>With</strong><br />Bdoor Mohammed, Sarah Taibah, Eman Tarik",Fiction,Panorama,,,Feature film,Arabic,United Arab Emirates (the); United States of America (the),https://sitgesfilmfestival.com/en/film/2025/vile
2325-film_session,2025-10-12T22:00:00,2025-10-12T23:33:00,93,Sala Llevant,False,False,2025-10-12,12263-film,La noche del ejecutor,La noche del ejecutor,1992,93,,,"Dr. Hugo Arranz discovers that his home has been broken into by violent, predatory criminals who are involved in prostitution and drug trafficking. Revenge will lead the doctor into a cruel confrontation.",<strong>Director</strong><br />Jacinto Molina,,Brigadoon,,,Feature film,Spanish,Spain,https://sitgesfilmfestival.com/en/film/2025/noche-ejecutor
2173-film_session,2025-10-12T22:00:00,2025-10-13T00:18:00,138,Cinema Casino Prado,False,False,2025-10-12,12148-film,The Forbidden City,La città proibita,2024,138,Gabriele Mainetti,,,,Fiction,Òrbita,,,Feature film,Italian; Chinese; English,Italy,https://sitgesfilmfestival.com/en/film/2025/forbidden-city
2424-film_session,2025-10-12T23:00:00,2025-10-13T01:10:00,130,Cinema Escorxador,True,True,2025-10-12,12195-film,Astrid's Saints,Astrid's Saints,2024,105,Mariano Baino,"Filmmaker and multidisciplinary artist, director of the cult horror film Dark Waters (1993). He has exhibited his works in museums and galleries in Italy and the United States.","Astrid, a mother who is devastated by the death of her son, will be forced to unravel the mysteries that bind her to other grieving mothers, to their children, and also to the young saints to whom they are all devoted. A heart-wrenching exploration of the psyche of a woman torn apart by loss and who, through magical realism, finds her balance between the supernatural and earthly suffering. A moving story about faith and the power of prayer.<br /><br />&nbsp;","<p>Director</p><p>Mariano Baino<br /><br />Writer&nbsp;<br />Mariano Baino, Coralina Cataldi-Tassoni&nbsp;<br /><br />Cinematograph&nbsp;<br />Mariano Baino&nbsp;<br /><br />Editor&nbsp;<br />Mariano Baino&nbsp;<br /><br />With&nbsp;<br />Coralina Cataldi-Tassoni, Rossella Rapisarda, Pasquale Moschella&nbsp;<br /><br /></p>&nbsp;",Fiction,Noves Visions,,,Feature film,English,United States of America (the); Italy,https://sitgesfilmfestival.com/en/film/2025/astrids-saints
2533-film_session,2025-10-12T23:30:00,2025-10-13T00:31:00,61,Sala Auditori Meliá,True,False,2025-10-12,13223-film,Silencio,Silencio,2025,56,Eduardo Casanova,"Director, screenwriter, and producer with a unique vision. He’s the creator behind the filmsPieles(2017) andPiety(2022), Special Jury Prize winner at Karlovy Vary.","Vampire sisters survive the shortage of &ldquo;clean human blood&rdquo; caused by the Black Death, but the real poison is the silence that surrounds them. Centuries later, one of their descendants is confronted with the same conflict during the AIDS pandemic in Spain, discovering that love between the &ldquo;sick&rdquo; and the &ldquo;healthy&rdquo; continues to provoke the same terror. A vampire tragicomedy that explores the depths of the human condition, freedom, and survival.","<strong>Director</strong><br />Eduardo Casanova<br /><br /><strong>Writer</strong>&nbsp;<br />Eduardo Casanova&nbsp;<br /><br /><strong>Cinematographer</strong>&nbsp;<br />Marino Pardo&nbsp;<br /><br /><strong>Editor</strong>&nbsp;<br />Angel Pazos&nbsp;<br /><br /><strong>With</strong>&nbsp;<br />Luc&iacute;a D&iacute;ez, Mar&iacute;a Le&oacute;n, Ana Polvorosa&nbsp;",Fiction,Oficial Fantàstic Competició,,,Feature film,Spanish,Spain,https://sitgesfilmfestival.com/en/film/2025/silencio
2373-film_session,2025-10-12T23:45:00,2025-10-13T03:20:00,215,Sala Tramuntana Meliá,False,False,2025-10-12,12224-film,Queens of the Dead,Queens of the Dead,2025,101,Tina Romero,"After making two promising short films, Rainbowarrior (2008) and Little Girl Blue (2012), Queens of the Dead is her first feature film as both director and screenwriter.","When a zombie apocalypse breaks out in Brooklyn on the night of a massive warehouse party, an eclectic group of drag queens, club kids, and frenemies are going to have to put their personal dramas aside and utilize all their abilities to fight together against the brain-hungry living dead. The feature film directorial debut of George A. Romero's daughter, who has extended her father's legacy into the realms of queer cinema and unrestrained comedy.","<p><strong>Director</strong><br />Tina Romero<br /><br /><strong>Writer</strong>&nbsp;<br />Tina Romero, Erin Judge&nbsp;<br /></p><p><strong>Cinematograph</strong>&nbsp;<br />Shannon Madden&nbsp;<br /><br /><strong>Editor</strong>&nbsp;<br />Aden Hakimi&nbsp;<br /><br /><strong>With</strong>&nbsp;<br />Katy O'Brian, Jaquel Spivey, Margaret Cho&nbsp;</p>",Fiction,Midnight X-Treme,,,Feature film,English,United States of America (the),https://sitgesfilmfestival.com/en/film/2025/queens-dead
2373-film_session,2025-10-12T23:45:00,2025-10-13T03:20:00,215,Sala Tramuntana Meliá,False,False,2025-10-12,13181-film,My Daughter is a Zombie,Jom-bi-ttal,2025,114,Pil Gam-sung,"He has directed several short films and a TV series. Hostage: Missing Celebrity, his feature film debut, received five nominations for the Blue Dragon Awards.","In order to protect his daughter, who has been infected by a zombie virus that has spread throughout the world, Jung-hwan heads to a quiet coastal town where his mother lives. While society persecutes those who are infected, they live there in secret, concealing their unusual family unit. The father draws on his experience as a wild animal trainer and embarks on a life-or-death mission: to tame a zombie. An endearing comedy that will make you cry, but from laughing.","<strong>Director</strong><br />Pil Gam-sung&nbsp;<br /><br /><strong>Writer</strong>&nbsp;<br />Pil Gam-sung, Kim Hyun&nbsp;<br /><br /><strong>Cinematographer</strong>&nbsp;<br />Kim Tae-soo&nbsp;<br /><br /><strong>Editor</strong>&nbsp;<br />Nam Na-young&nbsp;<br /><br /><strong>With</strong>&nbsp;<br />Cho Jung-seok, Lee Jung-eun, Cho Yeo-jeong&nbsp;",Fiction,Panorama,,,Feature film,Korean,Korea (the Republic of),https://sitgesfilmfestival.com/en/film/2025/my-daughter-zombie
2229-film_session,2025-10-13T13:30:00,2025-10-13T15:18:00,108,Cinema Casino Prado,False,False,2025-10-13,12186-film,Death of a Unicorn,Death of a Unicorn,2025,108,Alex Scharfman,"After producing films that have been screened at Sitges, including Resurrection (2022) and House of Spoils (2024), he takes the big leap to directing with Death of a Unicorn.","A father and his daughter accidentally hit and kill a unicorn while they&rsquo;re on their way to a weekend retreat at his multimillionaire boss's house. Once there, the eccentric, authoritarian businessman will try to exploit the creature's miraculous healing properties. A black comedy with a fantastique twist and a truly spectacular cast: Jenna Ortega, Paul Rudd, Richard E. Grant, T&eacute;a Leoni, and Will Poulter.","<strong>Director</strong><br />Alex Scharfman  <br /><strong>Writer</strong><br />Alex Scharfman  <br /><strong>Cinematography</strong><br />Larry Fong  <br /><strong>Editor</strong><br />Ron Dulin  <br /><strong>With</strong><br />Jenna Ortega, Paul Rudd, Will Poulter",Fiction,Oficial Fantàstic Competició,,,Feature film,English,United States of America (the),https://sitgesfilmfestival.com/en/film/2025/death-unicorn
2524-film_session,2025-10-13T14:20:00,2025-10-13T15:52:00,92,Sala Auditori Meliá,True,False,2025-10-13,12202-film,Reflection in a Dead Diamond,Reflet dans un diamant mort,2025,87,Hélène Cattet & Bruno Forzani,"After writing and directing several self-produced short films, they achieved resounding success with films that include Amer (2009) and Let the Corpses Tan (2017).","John D., a septuagenarian living in a luxurious hotel on the French Riviera, is intrigued by his neighbor, who reminds him of his wildest years on the Riviera in the 1960s. Back in those days, he was a spy in a world that was constantly developing and full of promising opportunities. One day, his neighbor mysteriously disappears, and John is forced to face his demons: have his old adversaries returned to wreak havoc on his idyllic world?","<strong>Director</strong> <br />H&eacute;l&egrave;ne Cattet, Bruno Forzani  <br /><strong>Writer</strong> <br />H&eacute;l&egrave;ne Cattet, Bruno Forzani  <br /><strong>Cinematography</strong> <br />Manu Dacosse  <br /><strong>Editor</strong> <br />Bernard Beets  <br /><strong>With</strong> <br />Fabio Testi, Yannick Renier, Koen de Bouw",Fiction,Oficial Fantàstic Competició,,,Feature film,French; Italian,Belgium; Luxembourg; France; Italy,https://sitgesfilmfestival.com/en/film/2025/reflection-dead-diamond
2494-film_session,2025-10-13T14:30:00,2025-10-13T16:03:00,93,Cinema Escorxador,True,False,2025-10-13,12150-film,Lesbian Space Princess,Lesbian Space Princess,2025,88,Emma Hough Hobbs & Leela Varghese,Emma Hough Hobbs is a queer artist who works in animation and production design. Leela Varghese is a screenwriter and filmmaker whose short film I’m The Most Racist Person I Know was screened at SXSW.,"Saira, a queer space princess, is driven from her privileged life and embarks on a galactic quest to try and save her bounty hunter ex-girlfriend from the Straight White Maliens, a nostalgic faction of the patriarchy, now relegated to the sidelines. Winner of the Teddy Award at the Berlinale, this hilarious Australian animated film takes on heteronormativity and gender stereotypes through wit and surreal comedy.","<strong>Director</strong> <br />Emma Hough Hobbs, Leela Varghese  <br /><strong>Writer</strong> <br />Emma Hough Hobbs, Leela Varghese  <br /><strong>With</strong> <br />Shabana Azeez, Bernie Van Tiel, Gemma Chua-Tran",Fiction,Noves Visions; Anima't,,,Feature film,English,Australia,https://sitgesfilmfestival.com/en/film/2025/lesbian-space-princess
2167-film_session,2025-10-13T15:00:00,2025-10-13T16:22:00,82,Sala Llevant,False,False,2025-10-13,12264-film,The Curious Dr. Humpp / La venganza del sexo,The Curious Dr. Humpp / La venganza del sexo,1969,82,,,A journalist discovers who is responsible for the strange disappearances that are taking place in the city: they are the work of a mad doctor and his bizarre monster.,<strong>Director</strong><br />Emilio Vieyra,,Brigadoon,,,Feature film,Spanish,Argentina,https://sitgesfilmfestival.com/en/film/2025/curious-dr-humpp-venganza-sexo
2436-film_session,2025-10-13T15:00:00,2025-10-13T16:47:00,107,Sala Tramuntana Meliá,True,False,2025-10-13,13077-film,Crushed,Crushed,2025,102,Simon Rumley,"British independent film director who has premiered films at international festivals such as Toronto, Rotterdam, and SXSW.","Olivia, a ten-year-old girl who wants to find out who is the author of a series of brutal videos that are circulating around her school, suddenly disappears. Faced with this extremely dangerous situation, her mother's desperation quickly takes hold of her, while her father, a preacher at a Christian church, accepts the situation as a test sent by God. A story about a family's faith and resilience that unfolds into an intense journey of discovery and justice.","<p><strong>Director</strong><br />Simon Rumley&nbsp;<br /><br /><strong>Writer</strong><br />Simon Rumley&nbsp;<br /><br /><strong>Cinematographer</strong><br />Wade Muller&nbsp;<br /></p><p><strong>Editor</strong></p><p>Tony McGrath&nbsp;<br /><br /><strong>With</strong>&nbsp;<br />Steve Oram, Margaux Dietrich, Sahajak Boonthanakit&nbsp;<br /></p>&nbsp;&nbsp;",Fiction,Òrbita,,,Feature film,English; Thai,United Kingdom of Great Britain and Northern Ireland (the),https://sitgesfilmfestival.com/en/film/2025/crushed
2460-film_session,2025-10-13T15:30:00,2025-10-13T17:44:00,134,Cinema Casino Prado,True,True,2025-10-13,13104-film,The Last Rapture,El último arrebato,0,109,,,,,Documentary,Noves Visions; Sitges Documenta,,,Feature film,Spanish,Spain,https://sitgesfilmfestival.com/en/film/2025/ultimo-arrebato
2147-film_session,2025-10-13T16:15:00,2025-10-13T18:13:00,118,Sala Auditori Meliá,True,False,2025-10-13,12175-film,Esa cosa con alas,The Thing with Feathers,2025,98,Dylan Southern,"A British filmmaker, he is well-known for his documentaries, including No Distance Left to Run (2010), dedicated to the band Blur.","Struggling to come to terms with his wife's unexpected death, a young father completely loses touch with reality when an apparently malevolent presence begins to stalk him from the dark corners of the apartment he shares with his two young sons. An adaptation of Max Porter's novel Grief Is the Thing with Feathers, where Benedict Cumberbatch delivers an emotionally compelling performance, drawing on his character's vulnerabilities.","<strong>Director</strong><br />Dylan Southern<br /><br /><strong>Writer</strong>&nbsp;<br />Dylan Southern&nbsp;<br /><br /><strong>Cinematographer</strong>&nbsp;<br />Ben Fordesman&nbsp;<br /><br /><strong>Editor</strong>&nbsp;<br />George Cragg&nbsp;<br /><br /><strong>With</strong>&nbsp;<br />Benedict Cumberbatch, Richard Boxall, Henry Boxall&nbsp;",Fiction,Oficial Fantàstic Competició,,,Feature film,English,United Kingdom of Great Britain and Northern Ireland (the); United States of America (the),https://sitgesfilmfestival.com/en/film/2025/esa-cosa-alas
2461-film_session,2025-10-13T16:30:00,2025-10-13T18:47:00,137,Cinema Escorxador,True,True,2025-10-13,13105-film,El triángulo diabólico de las Bermudas,El triángulo diabólico de las Bermudas,1978,112,René Cardona Jr.,,"The passengers and crew of a cruise ship sailing through the Caribbean in the summer enter the famous Bermuda Triangle, where mysterious events begin to occur, such as a sudden radio transmission from a ship that disappeared years ago. The situation, which becomes more and more oppressive, will lead to inexplicable accidents that will become the worst nightmares of everyone on board. A surprisingly thrilling suspense film made by the legendary director of Tintorera: Killer Shark.","<strong>Director</strong><br />Ren&eacute; Cardona Jr.<br /><br /><strong>Writer</strong>&nbsp;<br />Ren&eacute; Cardona Jr., Carlos Valdemar Christina Schuch, Linda O'Hanlon, Esteban Lord, Roberto Schlosser&nbsp;<br /><br /><strong>Cinematographer</strong>&nbsp;<br />Le&oacute;n S&aacute;nchez&nbsp;<br /><br /><strong>Editor</strong>&nbsp;<br />Alfredo Rosas Priego&nbsp;<br /><br /><strong>With</strong>&nbsp;<br />John Huston, Andr&eacute;s Garc&iacute;a, Hugo Stiglitz&nbsp;",,Seven Chances,,,Feature film,English,,https://sitgesfilmfestival.com/en/film/2025/triangulo-diabolico-bermudas
2340-film_session,2025-10-13T17:00:00,2025-10-13T18:55:00,115,Sala Llevant,False,False,2025-10-13,12256-film,El espectro de Justine,El espectro de Justine,1986,115,,,"An unclassifiable, controversial, and unprecedented film directed by the late Andorran director Jordi Gig&oacute;, which combines fantastic genre and eroticism based on the story Justine by Sade.",<strong>Director</strong><br />Jordi Gig&oacute;,,Brigadoon,,,Feature film,Spanish,Spain; Andorra,https://sitgesfilmfestival.com/en/film/2025/espectro-justine
2366-film_session,2025-10-13T17:00:00,2025-10-13T18:53:00,113,Sala Tramuntana Meliá,False,False,2025-10-13,13139-film,"Si pudiera, te daría una patada",If I Had Legs I'd Kick You,2025,113,,,,,Fiction,Oficial Fantàstic Competició,,,Feature film,English,United States of America (the),https://sitgesfilmfestival.com/en/film/2025/if-had-legs-id-kick-you
2557-film_session,2025-10-13T18:15:00,2025-10-13T19:57:00,102,Cinema Casino Prado,True,False,2025-10-13,13275-film,The Vile,Hoba,2025,97,Majid Al Ansari,"Director of the first Emirati feature film acquired by Netflix,Zinzana (Rattle the Cage,2015), and creator of the seriesParanormal(2020).","Amani lives a happy life, until her husband Khalid brings home his new wife, Zahra. Determined to fight for their daughter Noor, Amani stays and tries to reassert her role as the matriarch, despite the fact that living with Zahra is emotionally devastating for her. Paranormal and sinister occurrences begin to plague the household, leaving Noor concerned about her mother's sanity. Supernatural horror that explores polygamy, trauma, and betrayal through a mother-daughter relationship.","<strong>Director</strong><br />Majid Al Ansari  <br /><strong>Writer</strong><br />Majid Al Ansari, Johnnie Alward  <br /><strong>Cinematography</strong><br />Benjamin Kirk Nielsen  <br /><strong>Montaje</strong><br />Ghalya Lacroix, Hafedh Laridhi  <br /><strong>With</strong><br />Bdoor Mohammed, Sarah Taibah, Eman Tarik",Fiction,Panorama,,,Feature film,Arabic,United Arab Emirates (the); United States of America (the),https://sitgesfilmfestival.com/en/film/2025/vile
2467-film_session,2025-10-13T19:15:00,2025-10-13T20:49:00,94,Cinema Escorxador,True,False,2025-10-13,13112-film,Every Heavy Thing,Every Heavy Thing,2024,89,Mickey Reece,Independent filmmaker known for his prolific production and his auteuristic challenge of the boundaries of genre. Director of Agnes (2021).,"In Hightown City, women are disappearing without a trace. Joe, a disillusioned advertising salesman, stumbles upon a trail of disturbing clues during his routine calls. As he becomes more and more obsessed with the case, Joe finds himself entangled in a web of secrets that forces him to come to terms with the truth, but also with his own involvement. Devastatingly funny and deeply atmospheric, it features the appearance of iconic scream queen Barbara Crampton.","<strong>Director</strong><br />Mickey Reece<br /><br /><strong>Writer</strong>&nbsp;<br />Mickey Reece&nbsp;<br /><br /><strong>Cinematographer</strong>&nbsp;<br />Samuel Calvin&nbsp;<br /><br /><strong>Editor</strong>&nbsp;<br />Mickey Reece&nbsp;<br /><br /><strong>With</strong>&nbsp;<br />Josh Fadem, Tipper Newton, James Urbaniak&nbsp;",Fiction,Noves Visions,,,Feature film,English,United States of America (the),https://sitgesfilmfestival.com/en/film/2025/every-heavy-thing
2483-film_session,2025-10-13T19:15:00,2025-10-13T21:13:00,118,Sala Tramuntana Meliá,True,False,2025-10-13,13137-film,Honey Bunch,Honey Bunch,2025,113,Madeleine Sims-Fewer and Dusty Mancinelli,"Their feature film debut, Violation (2021), was part of the Festival's Official Selection. Honey Bunch arrives in Sitges after screening at the Berlinale and the TIFF.","Following an accident, Diana's devoted husband takes his wife to an experimental trauma center located deep in the heart of the desert, but she is unable to recall why... As her memories begin to return, so do a series of sinister and unwanted truths about their marriage, in the form of disturbing visions. A psychological thriller with a 1970s feel that explores the ethical limits of love through a mise en sc&egrave;ne loaded with anguish and tension.","<strong>Director</strong><br />Madeleine Sims-Fewer, Dusty Mancinelli<br /><br /><strong>Writer</strong>&nbsp;<br />Madeleine Sims-Fewer, Dusty Mancinelli&nbsp;<br /><br /><strong>Cinematographer</strong>&nbsp;<br />Adam Crosby&nbsp;<br /><br /><strong>Editor</strong>&nbsp;<br />Lew Lewis&nbsp;<br /><br /><strong>With</strong>&nbsp;<br />Grace Glowicki, Ben Petrie, Jason Isaacs&nbsp;",Fiction,Oficial Fantàstic Competició,,,Feature film,English; French,Canada,https://sitgesfilmfestival.com/en/film/2025/honey-bunch
2172-film_session,2025-10-13T19:30:00,2025-10-13T21:04:00,94,Sala Llevant,False,False,2025-10-13,13255-film,The Ghost Game,The Ghost Game,2025,94,,,"Gi-ho, an aspiring YouTuber, organizes a fake s&eacute;ance to be able to participate in a viral video contest, but for Ja-young, the s&eacute;ance has a rather different purpose. Trapped by sinister forces, the students are confronted with a deadly fate.",<strong>Director</strong><br />Son Dong-wan&nbsp;,,Brigadoon,,,Feature film,Korean,Korea (the Democratic People's Republic of),https://sitgesfilmfestival.com/en/film/2025/ghost-game
2484-film_session,2025-10-13T20:15:00,2025-10-13T21:47:00,92,Cinema Casino Prado,True,False,2025-10-13,12145-film,It Ends,It Ends,2024,87,Alex Ullom,"A Jamaican filmmaker of Chinese origin, his debut feature film It Ends, which found funding thanks to a sketch on YouTube, had its world premiere at SXSW.","A group of students who have recently graduated from college set out on a late-night drive in search of food, in the hopes of enjoying one last night together before their paths go their separate ways. Crammed into a Jeep Cherokee, they will end up venturing into an endless two-lane hell, surrounded by incalculable horrors and inexplicable cosmic forces. An ingenious feature debut that uses a nightmarish, endless highway to explore the harrowing transition to adulthood.","<strong>Director</strong><br />Alexander Ullom<br /><br /><strong>Writer</strong>&nbsp;<br />Alexander Ullom&nbsp;<br /><br /><strong>Cinematographer</strong>&nbsp;<br />Evan Draper, Jazleana Jones&nbsp;<br /><br /><strong>Editor</strong>&nbsp;<br />Alexander Ullom&nbsp;<br /><br /><strong>With</strong>&nbsp;<br />Phinehas Yoon, Akira Jackson, Noah Toth&nbsp;",Fiction,Panorama,,,Feature film,English,United States of America (the),https://sitgesfilmfestival.com/en/film/2025/it-ends
2475-film_session,2025-10-13T20:45:00,2025-10-13T22:50:00,125,Sala Auditori Meliá,True,False,2025-10-13,13057-film,Balearic,Balearic,2025,75,Ion  de  Sosa,"Basque filmmaker, screenwriter, and cinematographer known for low-budget fantastique gems such as Androids Dream (2014) and The Golden Legend (2019).","On the Eve of Saint John's Day, a night that is ripe for magic, a group of youngsters who have sneaked into the swimming pool of a luxurious house are attacked by three ferocious dogs that hold them captive there. Meanwhile, their neighbors get together for a party at a nearby villa to celebrate the beginning of summer. The bizarre and fascinating new film from the director of Androids Dream and Mam&aacute;ntula.","<strong>Director</strong><br />Ion de Sosa<br /><br /><strong>Writer</strong>&nbsp;<br />Ion de Sosa, Juan Gonza&aacute;lez, Chema Garc&iacute;a Ibarra, Lorena Iglesias, Juli&aacute;n G&eacute;nisson&nbsp;<br /><br /><strong>Cinematographer</strong>&nbsp;<br />Cristina Neira&nbsp;<br /><br /><strong>Editor</strong>&nbsp;<br />Sergio Jim&eacute;nez&nbsp;<br /><br /><strong>With</strong>&nbsp;<br />Christina Rosenvinge, Maria Llopis, Luka Peros&nbsp;",Fiction,Oficial Fantàstic Competició,,,Feature film,Spanish,Spain; France,https://sitgesfilmfestival.com/en/film/2025/balearic
2345-film_session,2025-10-13T21:30:00,2025-10-13T23:08:00,98,Sala Tramuntana Meliá,False,False,2025-10-13,12209-film,Don't Leave The Kids Alone,No dejes a los niños solos,2025,98,Emilio Portes,"Mexican director, screenwriter, and editor, winner of three Ariel Awards, known for films such as Pastorela: A Christmas Play (2012) and Belzebuth (2017).","Due to a work emergency, Catalina Camacho, a young widow, is forced to leave her children alone for a few hours. That evening, with the house to themselves, Mat&iacute;as and Emiliano (aged 10 and 7, respectively), will seize the opportunity to dig out their cherished video game console, unaware that something will lead them to believe, independently of each other, that the one brother wants to kill the other so he can become their mother's only and favorite child.","<strong>Director</strong> <br />Emilio Portes  <br /><strong>Writer</strong> <br />Alan Maldonado, Emilio Portes  <br /><strong>Cinematography</strong> <br />Mart&iacute;n Boege  <br /><strong>Editor</strong> <br />Juan Manuel Figueroa, Emilio Portes  <br /><strong>With</strong> <br />Ana Serradilla, Ricardo Galina, Juan Pablo Velasco",Fiction,Panorama,,,Feature film,Spanish,Mexico,https://sitgesfilmfestival.com/en/film/2025/no-dejes-ninos-solos
2174-film_session,2025-10-13T21:30:00,2025-10-13T22:43:00,73,Cinema Escorxador,False,False,2025-10-13,12206-film,The Great History of Western Philosophy,La gran historia de la filosofía occidental,2025,73,Aria Covamonas,"Following a series of outstanding animated shorts, including Camille Saint-Saëns' The Carnival of the Animals (2017) and Taxidermy for Beginners (2018), he now debuts in feature film format with The Great History of Western Philosophy.","A cosmic animator is forced by the Central Committee to make a philosophical film under the watchful eye of Chairman Mao. But right from the start, the dictator is displeased and sentences everyone involved in the film to death. However, Comrade Monkey and the good old Sun Wukong won't allow it. A gem in cut-out animation (using pieces that have been cut out to create images or characters), it was a big hit at both the Rotterdam and Annecy festivals.",<strong>Director</strong><br />Aria Covamonas  <br /><strong>Writer</strong><br />Aria Covamonas,Fiction,Noves Visions; Anima't,,,Feature film,Chinese; English,,https://sitgesfilmfestival.com/en/film/2025/great-history-western-philosophy
2211-film_session,2025-10-13T22:00:00,2025-10-14T00:11:00,131,Cinema Casino Prado,False,False,2025-10-13,13291-film,Trapped,大風殺,2025,131,Sagara,"A film editor since 2007, he has worked with directors including Wong Kar-wai, Tsui Hark, Stephen Chow, and John Woo.Trappedis his directorial debut.","In 1995, one year before the gun ban, the tranquility of Mangya is shattered by Bei Shan, the leader of a gang of criminals who cut off the town's communications and fuel supply. With only three police officers, a single weapon to defend themselves, and a sandstorm looming on the horizon, the locals are going to have to figure out what to do to change their fate. An absolutely thrilling experience with action scenes that are as frenetic as they are terrifying.","<strong>Director</strong><br />Sagara<br /><br /><strong>Writer</strong>&nbsp;<br />Sahaja, Sagara&nbsp;<br /><br /><strong>Cinematographer</strong>&nbsp;<br />Wang Jie-hong&nbsp;<br /><br /><strong>Editor</strong>&nbsp;<br />Sagara&nbsp;<br /><br /><strong>With</strong>&nbsp;<br />Bai Ke, Xin Bai-qing, Lang Yue-ting",Fiction,Òrbita,,,Feature film,Mandarin,China,https://sitgesfilmfestival.com/en/film/2025/trapped
2321-film_session,2025-10-13T22:00:00,2025-10-13T23:26:00,86,Sala Llevant,False,False,2025-10-13,13171-film,Masacre en el río Tula,Masacre en el río Tula,1985,86,,,A police officer leads a group of robbers. The murder of several people at the hands of these criminals will lead to a serious crisis within the police force.,<strong>Director</strong><br />Ismael Rodr&iacute;guez Jr.,,Brigadoon,,,Feature film,Spanish,Mexico,https://sitgesfilmfestival.com/en/film/2025/masacre-rio-tula
2458-film_session,2025-10-13T23:00:00,2025-10-14T00:44:00,104,Sala Auditori Meliá,True,False,2025-10-13,13157-film,El hombre menguante (L'homme qui rétrécit),L'home qui rétrécit,2025,99,,,,,Fiction,Sitges Collection,,,Feature film,French,France,https://sitgesfilmfestival.com/en/film/2025/lhome-qui-retrecit-incredible-shrinking-man
2427-film_session,2025-10-13T23:00:00,2025-10-14T01:08:00,128,Cinema Escorxador,True,True,2025-10-13,12231-film,Be a Good Girl,Be a Good Girl,2024,103,Louiza Zouzias,"Greek-American artist who moves between the fields of performance, writing, and directing. Her work uses humor to examine the thorny contradictions of human experience.","In an isolated house up in the mountains, Anne leads a strange and obedient life alongside Edgar. Lately, however, she has grown too old for her husband's liking. Determined to replace her, he kidnaps a teenager and brings her home. The girl becomes Edgar's new obsession, setting in motion a twisted game of control and survival, one in which Anne is going to have to decide between protecting the girl or preserving the life she knows.","<strong>Director</strong><br />Louiza Zouzias<br /><br /><strong>Writer</strong>&nbsp;<br />Louiza Zouzias&nbsp;<br /><br /><strong>Cinematograph</strong>&nbsp;<br />Adrien Bourguignon&nbsp;<br /><br /><strong>Editor</strong>&nbsp;<br />Ioanna Pogiantzi&nbsp;<br /><br /><strong>With</strong>&nbsp;<br />Panos Koronis, Louiza Zouzias, Lea Catania&nbsp;<br /><br />&nbsp;",Fiction,Noves Visions,,,Feature film,English,Greece; United States of America (the),https://sitgesfilmfestival.com/en/film/2025/be-good-girl
2455-film_session,2025-10-13T23:30:00,2025-10-14T01:07:00,97,Sala Tramuntana Meliá,True,False,2025-10-13,12267-film,El descendiente,Descendent,2025,92,Peter Cilella,"A pet actor in the early films by Justin Benson and Aaron Moorhead, Descendant is his debut feature as a director and screenwriter.","After witnessing a series of flashes in the sky, Sean Bruner begins to experience supernatural phenomena. His pregnant wife needs his support, but a string of visions convince Sean that he has been abducted by aliens. As he tries to protect his loved ones from an invisible threat, will Sean manage to become the father his family needs, or will they come back to take him away again... that is, if they ever actually took him in the first place?<br /><br />&nbsp;","<strong>Director</strong><br />Peter Cilella<br /><br /><strong>Writer</strong>&nbsp;<br />Peter Cilella&nbsp;<br /><br /><strong>Cinematograph</strong>&nbsp;<br />Alexander Chinnici&nbsp;<br /><br /><strong>Editor</strong>&nbsp;<br />Jordan Goldstein&nbsp;<br /><br /><strong>With</strong>&nbsp;<br />Sarah Bolger, Ross Marquand, Emily Pendergast&nbsp;",Fiction,Panorama,,,Feature film,English,United States of America (the),https://sitgesfilmfestival.com/en/film/2025/descendiente
2189-film_session,2025-10-14T13:30:00,2025-10-14T15:05:00,95,Sala Auditori Meliá,False,False,2025-10-14,13267-film,The Plague,The Plague,2024,95,Charlie Polinger,"A filmmaker based in New York, his short films have been screened at festivals including Warsaw, Palm Springs, and SXSW. The Plague is his feature film debut.","Ben, a socially anxiety-ridden tween, tries desperately to adapt to the hierarchical dynamics of a water polo camp. When in public, he ignores the boy who is the outcast of the group, and who is bullied because of his skin disease, but he secretly can't avoid worrying about him. With Joel Edgerton, who also is also the film's producer, as the only adult in a leading role, The Plague offers a display of sublime child performances that embody a boundless cruelty.","<p><strong>Director</strong><br />Charlie Polinger<br /><br /><strong>Writer</strong><br />Charlie Polinger<br /><br /></p><p><strong>Cinematographer</strong></p><p>Steven Breckon&nbsp;<br /><br /><strong>Editor</strong><br />Simon Njoo, Henry Hayes&nbsp;<br /><br /><strong>With</strong><br />Joel Edgerton, Everett Blunck, Kayo Martin&nbsp;</p>",Fiction,Oficial Fantàstic Competició,,,Feature film,English,United States of America (the); Romania,https://sitgesfilmfestival.com/en/film/2025/plague
2161-film_session,2025-10-14T14:15:00,2025-10-14T16:00:00,105,Cinema Casino Prado,False,False,2025-10-14,13229-film,I Am Frankelda,Soy Frankelda,2025,105,Roy Ambriz and Arturo Ambriz,"Mexican filmmakers and founders of Cinema Fantasma, a stop-motion animation studio, known for Revoltoso (2016) and Frankelda's Book of Spooks (2021).","Frankelda, a determined 19th-century Mexican writer, ventures into her subconscious in order to confront the very monsters she has created. Guided by a tormented prince, she must restore the balance between fiction and reality before it's too late. The first Mexican stop-motion animated feature film ever made, it was praised by Guillermo del Toro and won an award at the latest edition of the Fantasia Film Festival.","<strong>Director</strong><br />Roy Ambriz, Arturo Ambriz<br /><br /><strong>Writer</strong>&nbsp;<br />Roy Ambriz, Arturo Ambriz&nbsp;<br /><br /><strong>Cinematographer</strong>&nbsp;<br />Irene Melis, Fernanda G. Manzur&nbsp;<br /><br /><strong>Editor</strong>&nbsp;<br />Gabriel Acu&ntilde;a&nbsp;<br /><br /><strong>With</strong>&nbsp;<br />Mireya Mendoza, Arturo Mercado Jr., Luis Leonardo Su&aacute;rez",Fiction,Anima't,,,Feature film,Spanish,Mexico,https://sitgesfilmfestival.com/en/film/2025/soy-frankelda
2269-film_session,2025-10-14T14:30:00,2025-10-14T16:08:00,98,Cinema Escorxador,False,False,2025-10-14,12203-film,Crocodile Tears,Crocodile Tears,2024,98,Tumpal Tampubolon,"A film buff turned filmmaker based in Jakarta, he holds a degree in Mathematics from the Bandung Institute of Technology. Crocodile Tears is his debut feature film as a director.","Johan, at the height of his maturity, lives alone with his mother on a crocodile farm in West Java. Mother and son live in voluntary exile with a white crocodile as their only confidant. However, their life of isolation will be turned upside down when Johan falls in love with Arumi, a local girl from the village, triggering a series of events that threaten the delicate balance of their lives, especially because his mother is jealous of her.","<strong>Director</strong><br />Tumpal Tampubolon<br /><strong>Writer</strong><br />Tumpal Tampubolon<br /><strong>Cinematography</strong><br />Teck Siang Lim<br /><strong>Editor</strong><br />Jasmine Ng Kin Kia, Kelvin Nugroho<br /><strong>With</strong><br />Yusuf Mahardika, Marissa Anita, Zulfa Maharani",Fiction,Noves Visions,,,Feature film,Indonesian,Indonesia; Singapore; France; Germany,https://sitgesfilmfestival.com/en/film/2025/crocodile-tears
2370-film_session,2025-10-14T14:45:00,2025-10-14T16:40:00,115,Sala Tramuntana Meliá,False,False,2025-10-14,13185-film,No One Will Know,Le roi soleil,2025,115,,,,,Fiction,Òrbita,,,Feature film,French,France,https://sitgesfilmfestival.com/en/film/2025/no-one-will-know
2342-film_session,2025-10-14T15:00:00,2025-10-14T16:36:00,96,Sala Llevant,False,False,2025-10-14,13211-film,Rats: Notte di Terrore,Rats: Notte di Terrore,1984,96,,,"In a post-apocalyptic world, where most of humanity lives underground, a group of people finds an abandoned laboratory outside.",<strong>Director</strong><br />Bruno Mattei,,Brigadoon,,,Feature film,Italian,Italy,https://sitgesfilmfestival.com/en/film/2025/rats-notte-di-terrore
2432-film_session,2025-10-14T15:30:00,2025-10-14T17:21:00,111,Sala Auditori Meliá,True,False,2025-10-14,13067-film,Bulk,Bulk,2025,91,Ben Wheatley,"One of the most powerful voices in 21st-century British genre filmmaking, he made his feature debut with Down Terrace (2009), an atypical and fantastic neo-noir film full of black humor.","When a scientist takes his experiments too far, something goes wrong. Our hero Corey Harlan is sent to sort out the mess created by Dr. Anton Chambers, and he will receive help from a multidimensional being named Aclima. The director of Sightseers (2012), winner of the award for Best Screenplay in Sitges, returns to the Festival with this strange yet fascinating love letter to low-budget cinema, with Lynchian echoes and some truly impressive end credits.","<strong>Director</strong><br />Ben Wheatley<br /><br /><strong>Writer</strong>&nbsp;<br />Ben Wheatley&nbsp;<br /><br /><strong>Cinematographer</strong>&nbsp;<br />Nick Gillespie&nbsp;<br /><br /><strong>Editor</strong>&nbsp;<br />Ben Wheatley&nbsp;<br /><br /><strong>Con</strong>&nbsp;<br />Alexandra Maria Lara, Sam Riley, Noah Taylor&nbsp;",Fiction,Oficial Fantàstic Competició,,,Feature film,English,United Kingdom of Great Britain and Northern Ireland (the),https://sitgesfilmfestival.com/en/film/2025/bulk
2244-film_session,2025-10-14T16:30:00,2025-10-14T18:08:00,98,Cinema Casino Prado,False,False,2025-10-14,12209-film,Don't Leave The Kids Alone,No dejes a los niños solos,2025,98,Emilio Portes,"Mexican director, screenwriter, and editor, winner of three Ariel Awards, known for films such as Pastorela: A Christmas Play (2012) and Belzebuth (2017).","Due to a work emergency, Catalina Camacho, a young widow, is forced to leave her children alone for a few hours. That evening, with the house to themselves, Mat&iacute;as and Emiliano (aged 10 and 7, respectively), will seize the opportunity to dig out their cherished video game console, unaware that something will lead them to believe, independently of each other, that the one brother wants to kill the other so he can become their mother's only and favorite child.","<strong>Director</strong> <br />Emilio Portes  <br /><strong>Writer</strong> <br />Alan Maldonado, Emilio Portes  <br /><strong>Cinematography</strong> <br />Mart&iacute;n Boege  <br /><strong>Editor</strong> <br />Juan Manuel Figueroa, Emilio Portes  <br /><strong>With</strong> <br />Ana Serradilla, Ricardo Galina, Juan Pablo Velasco",Fiction,Panorama,,,Feature film,Spanish,Mexico,https://sitgesfilmfestival.com/en/film/2025/no-dejes-ninos-solos
2553-film_session,2025-10-14T16:30:00,2025-10-14T18:21:00,111,Cinema Escorxador,True,False,2025-10-14,13266-film,The Outcasts,The Outcasts,1982,106,Robert Wynne-Simmons,,"A heartwarming story set in 1810s Ireland about a young woman's emerging powers. Winner of the most important award at the Brussels International Fantastic Film Festival in 1985, it follows the vicissitudes of Maura, who is obliged to seek protection from a magical violinist against the violent exclusion coming from her community, which accuses her of witchcraft. An imaginative blend of tragicomedy and folk horror elements, it delivers scenes of truly supernatural beauty.","<strong>Director</strong><br />Robert Wynne-Simmons<br /><br /><strong>Writer</strong>&nbsp;<br />Robert Wynne-Simmons&nbsp;<br /><br /><strong>Cinematographer</strong>&nbsp;<br />Seamus Corcoran&nbsp;<br /><br /><strong>Editor</strong>&nbsp;<br />Arthur Keating&nbsp;<br /><br /><strong>With</strong>&nbsp;<br />Mary Ryan, Mick Lally, Don Foley&nbsp;",Fiction,Seven Chances,,,Feature film,English,Ireland,https://sitgesfilmfestival.com/en/film/2025/outcasts
2515-film_session,2025-10-14T17:00:00,2025-10-14T18:48:00,108,Sala Tramuntana Meliá,True,False,2025-10-14,13193-film,Opus,Opus,2025,103,Mark Anthony Green,"An American filmmaker, he has worked for years as an editor for GQ Magazine. Opus is his directorial feature film debut.","A young writer is invited to the remote residence of a legendary pop star who mysteriously disappeared thirty years earlier. Surrounded by the star's cult following, made up of sycophants and drunken journalists, she finds herself caught up in his twisted plan. A hilarious crossover between the artistic design of Blink Twice and the summertime uneasiness of Midsommar that serves as the presentation of our new favorite final girl: Ayo Edebiri. Its explosive climax is a real blast.","<strong>Director</strong><br />Mark Anthony Green<br /><br /><strong>Writer</strong>&nbsp;<br />Mark Anthony Green&nbsp;<br /><br /><strong>Cinematographer</strong>&nbsp;<br />Tommy &ldquo;Maddox&rdquo; Upshaw&nbsp;<br /><br /><strong>Editor</strong>&nbsp;<br />Ernie Gilbert&nbsp;<br /><br /><strong>With</strong>&nbsp;<br />Ayo Edebiri, John Malkovich, Murray Barlett&nbsp;",Fiction,Oficial Fantàstic Competició,,,Feature film,English,United States of America (the),https://sitgesfilmfestival.com/en/film/2025/opus
2298-film_session,2025-10-14T18:00:00,2025-10-14T19:53:00,113,Sala Auditori Meliá,False,False,2025-10-14,13139-film,"Si pudiera, te daría una patada",If I Had Legs I'd Kick You,2025,113,,,,,Fiction,Oficial Fantàstic Competició,,,Feature film,English,United States of America (the),https://sitgesfilmfestival.com/en/film/2025/if-had-legs-id-kick-you
2457-film_session,2025-10-14T18:30:00,2025-10-14T20:07:00,97,Cinema Casino Prado,True,False,2025-10-14,12267-film,El descendiente,Descendent,2025,92,Peter Cilella,"A pet actor in the early films by Justin Benson and Aaron Moorhead, Descendant is his debut feature as a director and screenwriter.","After witnessing a series of flashes in the sky, Sean Bruner begins to experience supernatural phenomena. His pregnant wife needs his support, but a string of visions convince Sean that he has been abducted by aliens. As he tries to protect his loved ones from an invisible threat, will Sean manage to become the father his family needs, or will they come back to take him away again... that is, if they ever actually took him in the first place?<br /><br />&nbsp;","<strong>Director</strong><br />Peter Cilella<br /><br /><strong>Writer</strong>&nbsp;<br />Peter Cilella&nbsp;<br /><br /><strong>Cinematograph</strong>&nbsp;<br />Alexander Chinnici&nbsp;<br /><br /><strong>Editor</strong>&nbsp;<br />Jordan Goldstein&nbsp;<br /><br /><strong>With</strong>&nbsp;<br />Sarah Bolger, Ross Marquand, Emily Pendergast&nbsp;",Fiction,Panorama,,,Feature film,English,United States of America (the),https://sitgesfilmfestival.com/en/film/2025/descendiente
2554-film_session,2025-10-14T18:45:00,2025-10-14T20:42:00,117,Cinema Escorxador,True,True,2025-10-14,12153-film,The Python Hunt,The Python Hunt,2025,92,Xander Robin,"His feature film debut,Are We Not Cats(2016), premiered at the Venice Film Festival.The Python Huntis his first foray into nonfiction.","Every year, the Florida government invites the general public to compete in a contest to eradicate all the invasive pythons in the Everglades wetland reserve. For ten nights, an eclectic group of hunters confront the dangerous terrain, the nocturnal creatures there, and their own desires. Premiering at SXSW, this absolutely fascinating journey features a string of larger-than-life characters who will battle it out to try to win the $10,000 first prize.","<strong>Director</strong><br />Xander Robin<br /><br /><strong>Cinematographer</strong>&nbsp;<br />David Bolen, Matt Clegg&nbsp;<br /><br /><strong>Editor</strong>&nbsp;<br />Max Allman&nbsp;<br /><br /><strong>With</strong>&nbsp;<br />Jimbo McCartney, Shannon McCartney, Toby Benoit&nbsp;",Documentary,Sitges Documenta,,,Feature film,English,United States of America (the),https://sitgesfilmfestival.com/en/film/2025/python-hunt
2330-film_session,2025-10-14T19:00:00,2025-10-14T20:30:00,90,Sala Llevant,False,False,2025-10-14,12265-film,Las siete vidas del gato,Las siete vidas del gato,1970,90,,,"For many years, a terrible curse has weighed heavily on the Arriaga family: all the women die at the hands of men from the same family, and always for matters of love.",<strong>Director</strong><br />Pedro Lazaga,,Brigadoon,,,Feature film,Spanish,Spain,https://sitgesfilmfestival.com/en/film/2025/siete-vidas-gato
2375-film_session,2025-10-14T19:15:00,2025-10-14T21:24:00,129,Sala Tramuntana Meliá,False,False,2025-10-14,12183-film,Drácula (Luc Besson),Dracula: A Love Tale,2025,129,Luc Besson,"One of the most influential French filmmakers, known for creating visually iconic films including The Last Battle, winner of the Sitges Film Festival in 1983, Léon The Professional (1994), and The Fifth Element (1997).","In the 15th century, Prince Vladimir renounces God after the sudden loss of his wife and winds up inheriting an eternal curse: he turns into Dracula. Condemned to wander around throughout the centuries, he defies fate and death itself, guided by one single hope: to be reunited with his lost love. For the very first time, Luc Besson ventures into the horror genre with an explosive adaptation of the Dracula myth starring his new pet actor, Caleb Landry Jones.","<strong>Director</strong><br />Luc Besson<br /><br /><strong>Writer</strong><br />Luc Besson<br /><br /><strong>Cinematographer</strong>&nbsp;<br />Colin Wandersman&nbsp;<br /><br /><strong>Editor</strong>&nbsp;<br />Lucas ""Kub"" Fabiani&nbsp;<br /><br /><strong>With</strong>&nbsp;<br />Caleb Landry Jones, Zo&euml; Bleu, Christoph Waltz&nbsp;",Fiction,Sitges Collection,,,Feature film,English,France,https://sitgesfilmfestival.com/en/film/2025/dracula-love-tale
2317-film_session,2025-10-14T20:25:00,2025-10-14T22:43:00,138,Sala Auditori Meliá,False,False,2025-10-14,13186-film,No Other Choice,No Other Choice,0,138,,,,,,Oficial Fantàstic Competició,,,Feature film,Korean,,https://sitgesfilmfestival.com/en/film/2025/no-other-choice
2437-film_session,2025-10-14T20:30:00,2025-10-14T22:17:00,107,Cinema Casino Prado,True,False,2025-10-14,13077-film,Crushed,Crushed,2025,102,Simon Rumley,"British independent film director who has premiered films at international festivals such as Toronto, Rotterdam, and SXSW.","Olivia, a ten-year-old girl who wants to find out who is the author of a series of brutal videos that are circulating around her school, suddenly disappears. Faced with this extremely dangerous situation, her mother's desperation quickly takes hold of her, while her father, a preacher at a Christian church, accepts the situation as a test sent by God. A story about a family's faith and resilience that unfolds into an intense journey of discovery and justice.","<p><strong>Director</strong><br />Simon Rumley&nbsp;<br /><br /><strong>Writer</strong><br />Simon Rumley&nbsp;<br /><br /><strong>Cinematographer</strong><br />Wade Muller&nbsp;<br /></p><p><strong>Editor</strong></p><p>Tony McGrath&nbsp;<br /><br /><strong>With</strong>&nbsp;<br />Steve Oram, Margaux Dietrich, Sahajak Boonthanakit&nbsp;<br /></p>&nbsp;&nbsp;",Fiction,Òrbita,,,Feature film,English; Thai,United Kingdom of Great Britain and Northern Ireland (the),https://sitgesfilmfestival.com/en/film/2025/crushed
2463-film_session,2025-10-14T21:00:00,2025-10-14T22:43:00,103,Sala Llevant,True,False,2025-10-14,13248-film,The Devil's Teardrop,The Devil's Teardrop,2025,98,,,"Four documentary filmmakers ignore the warnings about a diabolical spirit in the Andes and venture into forbidden territory, only to discover that the chilling myths contain terrifying and genuine truths.",<strong>Director</strong><br />Gonzalo Otero,,Brigadoon,,,Feature film,English,Peru,https://sitgesfilmfestival.com/en/film/2025/devils-teardrop
2435-film_session,2025-10-14T21:00:00,2025-10-14T22:59:00,119,Cinema Escorxador,True,False,2025-10-14,13068-film,CAMP,CAMP,2024,114,Avalon Fast,"Canadian screenwriter and director specializing in storytelling with a focus on the unsettling horrors of growing up, with a specifically female influence.","Emily is the main cause of two devastating tragedies that she experienced very early in her life, and she feels the weight of these accidents as if they were a curse. Her father suggests that she should go to a camp for troubled young people and try to manage her guilt. Ocne there, the group accepts her for who she is, shrouding her in a halo of peace and compassion. Faced with a new life, Emily can't stop hearing that voice that keeps reminding her that it's time to go home.","<strong>Director</strong><br />Avalon Fast<br /><br /><strong>Writer</strong>&nbsp;<br />Avalon Fast&nbsp;<br /><br /><strong>Cinematographer</strong>&nbsp;<br />Eily Sprungman&nbsp;<br /><br /><strong>Editor</strong>&nbsp;<br />Avalon Fast, Taylor Nodrick&nbsp;<br /><br /><strong>With</strong>&nbsp;<br />Zola Grimmer, Alice Wordsworth, Cherry Moore&nbsp;",Fiction,Noves Visions,,,Feature film,English,Canada,https://sitgesfilmfestival.com/en/film/2025/camp
2428-film_session,2025-10-14T21:45:00,2025-10-14T23:22:00,97,Sala Tramuntana Meliá,True,False,2025-10-14,13061-film,Blood Shine,Blood Shine,2024,92,Emily Bennett and Justin Brooks,"Award-winning duo of filmmakers responsible for the highly acclaimed horror film Alone With You (2021), which was screened at festivals all over the world.","Clara, a religious zealot, worships the light in solitary sacred rituals. Brighton, a problematic film director, travels to upstate New York to finish the screenplay for his film, where he meets Clara. The devout woman convinces the young man that her sadistic ceremonies will turn him into a god, plunging him into a mind-bending journey towards the sublime. A fascinating exploration of faith that constitutes a solid step forward for its directorial duo.","<strong>Director</strong><br />Emily Bennett, Justin Brooks&nbsp;<br /><br /><strong>Writer</strong>&nbsp;<br />Emily Bennett, Justin Brooks&nbsp;<br /><br /><strong>Cinematographer</strong>&nbsp;<br />Justin Brooks&nbsp;<br /><br /><strong>Editor</strong>&nbsp;<br />Ward Crockett, Matt Latham&nbsp;<br /><br /><strong>With</strong>&nbsp;<br />Emily Bennett, David Call, Brendan Sexton III&nbsp;",Fiction,Panorama,,,Feature film,English,United States of America (the),https://sitgesfilmfestival.com/en/film/2025/blood-shine
2177-film_session,2025-10-14T22:30:00,2025-10-15T00:07:00,97,Cinema Casino Prado,False,False,2025-10-14,12173-film,The Home (James DeMonaco),The Home (James DeMonaco),2025,97,James DeMonaco,Screenwriter and director known for the The Purge series. He has scripted major hits includingThe Negotiatorand the remake of Assault on Precinct 13.,"Max, a graffiti artist who manages to dodge jail time by working as a janitor at a retirement home, will soon come to realize that its residents and caregivers are hiding some very sinister secrets. Somewhere between creepy and absurd, this supernatural horror film production rises up as a critical commentary on the American system of care for the elderly, while also confirming Pete Davidson's talent for combining horror with comedy.","<strong>Director</strong><br />James DeMonaco<br /><br /><strong>Writer</strong>&nbsp;<br />James DeMonaco, Adam Cantor&nbsp;<br /><br /><strong>Cinematographer</strong>&nbsp;<br />Anastas N. Michos&nbsp;<br /><br /><strong>Editor</strong>&nbsp;<br />Todd E. Miller&nbsp;<br /><br /><strong>With</strong>&nbsp;<br />Pete Davidson, John Glover, Bruce Altman&nbsp;",Fiction,Sitges Collection,,,Feature film,English,United States of America (the),https://sitgesfilmfestival.com/en/film/2025/home-james-demonaco
2499-film_session,2025-10-14T23:15:00,2025-10-15T00:56:00,101,Sala Auditori Meliá,True,False,2025-10-14,12219-film,Luger,Luger,2025,96,Bruno Martín,"After writing, directing, and starring in several television series, Luger is his debut feature film as a director, screenwriter, and editor.","Two suburban thugs who also perform clandestine odd jobs receive an assignment from a corrupt lawyer to recover a stolen car. While carrying out the job, they embark on a treacherous mission that will lead to a spiral of violence, forcing them to confront the owner of a scrapyard with a somewhat dubious reputation. A very surprising Spanish thriller that dares to venture down paths rarely explored in our country's action movie genre.&nbsp;","<p><strong>Director</strong><br />Bruno Mart&iacute;n<br /><br /><strong>Writer</strong><br />Bruno Mart&iacute;n, Santiago Taboada&nbsp;<br /><br /><strong>Cinematograph</strong><br />David Hebrero&nbsp;<br /><br /><strong>Editor</strong><br />Bruno Mart&iacute;n&nbsp;</p><p><strong>With</strong> &nbsp;<br />David Sainz, Mario Mayo, &Aacute;ngel Acero</p>&nbsp;&nbsp;",Fiction,Òrbita,,,Feature film,Spanish,Spain,https://sitgesfilmfestival.com/en/film/2025/luger
2419-film_session,2025-10-14T23:30:00,2025-10-15T00:56:00,86,Cinema Escorxador,True,False,2025-10-14,12190-film,Anything That Moves,Anything That Moves,2025,81,Alex Phillips,"After cutting his teeth in short films, he made his feature debut in 2022 with All Jacked Up and Full of Worms, one of the most bizarre and fascinating indie horror movies of the decade.","Liam is a young man who makes a living as a bike messenger and sex worker, delivering both food and orgasms to his clients. In the city where he works, a monstrous Chicago, there&rsquo;s a serial killer on the loose, and he winds up getting Liam involved in a conspiracy that is equally gruesome, sexy, and terrifying. Shot in 16 mm, Alex Phillips' new psychedelic film features two great classic porn movie divas: Nina Hartley and Ginger Lynn.","<strong>Director</strong><br />Alex Phillips  <br /><strong>Writer</strong><br />Alex Phillips  <br /><strong>Cinematography</strong><br />Hunter Zimny  <br /><strong>Editor</strong><br />Alex Phillips, Troy Lewis  <br /><strong>With</strong><br />Hal Baum, Nina Hartley, Ginger Lynn",Fiction,Noves Visions,,,Feature film,English,United States of America (the),https://sitgesfilmfestival.com/en/film/2025/anything-moves
2364-film_session,2025-10-14T23:45:00,2025-10-15T02:08:00,143,Sala Tramuntana Meliá,False,False,2025-10-14,12197-film,Bokshi,Bokshi,2025,143,Bhargav Saikia,"Cineasta establert a Bombai, Bokshi és la seva primera pel·lícula com a director, estrenada mundialment al passat Festival Internacional de Cinema de Rotterdam.","Anahita, traumatized by her mother's brutal disappearance, finds comfort in Shalini, her history teacher. While on an unconventional school trip to a mysterious prehistoric site, she will find herself forced to confront her terrifying destiny. Filmmaking from India joins the current revival of folk horror with a production that has been compared to other recent hits from this subgenre, such as Midsommar and In the Earth.<br /><br />&nbsp;<br /><br />&nbsp;","<p><strong>Director</strong><br />Bhargav Saikia&nbsp;<br /><strong>Writer</strong></p><p>Harsh Vaibhav&nbsp;<br /><br /><strong>Cinematograph</strong>&nbsp;<br />Siddharth Sivasankaran, A. Vasanth&nbsp;<br /><br /><strong>Editor&nbsp;</strong><br />Himanshu Chutia Saikia&nbsp;<br /><br /><strong>With</strong><br />Prasanna Bisht, Mansi Multani, Dagi Ngomdir&nbsp;<br /><br /></p>&nbsp;",Fiction,Panorama,,,Feature film,Hindi; English; Nepali; Invented Language,India,https://sitgesfilmfestival.com/en/film/2025/bokshi
2216-film_session,2025-10-15T14:15:00,2025-10-15T16:25:00,130,Sala Auditori Meliá,False,False,2025-10-15,12138-film,Un fantasma útil,Phi Chidi Kha,2025,130,Ratchapoom Boonbunchachoke,"Director and screenwriter based in Bangkok, he makes his debut in the feature film world with A Useful Ghost.","Following Nat's tragic death from dust poisoning, March is consumed by grief. But his everyday life is turned upside down when he discovers that his wife's spirit has been reincarnated in a vacuum cleaner. As absurd as it may seem, their bond is rekindled, becoming stronger than ever. Sex with possessed vacuum cleaners and outrageous soap opera-like elements come together in one of the weirdest Asian fantastique gems of the year.","<strong>Director</strong><br />Ratchapoom Boonbunchachoke<br /><br /><strong>Writer</strong>&nbsp;<br />Ratchapoom Boonbunchachoke&nbsp;<br /><br /><strong>Cinematograph</strong>&nbsp;<br />Pasit Tandaechanurat&nbsp;<br /><br /><strong>Editor</strong>&nbsp;<br />Chonlasit Upanigkit&nbsp;<br /><br /><strong>With</strong>&nbsp;<br />Wanlop Rungkumjad, Davika Hoorne, Apasiri Nitibhon&nbsp;",Fiction,Oficial Fantàstic Competició,,,Feature film,Thai,Thailand; Singapore; Germany; France,https://sitgesfilmfestival.com/en/film/2025/fantasma-util
2547-film_session,2025-10-15T14:30:00,2025-10-15T17:41:00,191,Cinema Escorxador,True,True,2025-10-15,13245-film,The Degenerate: The Life and Films of Andy Milligan,The Degenerate: The Life and Films of Andy Milligan,2025,102,Josh Johnson and Grayson Tyler Johnson,"Veterans of the film industry with more than fifteen years of solo experience behind them, this documentary is their first joint collaboration.","What is the real truth behind Andy Milligan, one of the most transgressive artists of the 20th century? His low-budget productions, often loaded with sadism and misogyny and suffused with gruesome effects, were key to underground movies back in the 1960s and 1970s. Through a series of revealing interviews, this documentary delves deep into the filmmaker's past, exploring both the complexities of his wild life and the peculiarities of his fierce filmmaking style.","<p><strong>Director</strong><br />Josh Johnson, Grayson Tyler Johnson<br /><br /><strong>Cinematogra</strong><strong>pher</strong><br />Grayson Tyler Johnson&nbsp;<br /><br /><strong>Editor</strong>&nbsp;<br />Grayson Tyler Johnson&nbsp;<br /><br /><strong>With</strong>&nbsp;<br />Gerald Jaccuzo, Hope Stansbury, Jimmy McDonough&nbsp;</p>&nbsp;",Documentary,Sitges Documenta,,,Feature film,English,United States of America (the),https://sitgesfilmfestival.com/en/film/2025/degenerate-life-and-films-andy-milligan
2547-film_session,2025-10-15T14:30:00,2025-10-15T17:41:00,191,Cinema Escorxador,True,True,2025-10-15,13246-film,The Degenerates (1967),The Degenerates (1967),1967,64,Andy Milligan,,"Many years after a nuclear holocaust, three soldiers who are searching for survivors discover five women on an isolated farm. Monologues, whippings, and a sexual massacre are the key ingredients of this project that Milligan co-scripted along with his regular collaborator, Gerald Jacuzzo. A sordid drama that presents a surprisingly ambitious narrative, driven by the director's recurring themes: lust, resentment, and nihilistic rage.","<strong>Director</strong><br />Andy Milligan  <br /><strong>Writer</strong><br />Andy Milligan, Gerald Jacuzzo  <br /><strong>Cinematography</strong><br />Andy Milligan  <br /><strong>Editor</strong><br />Andy Milligan  <br /><strong>With</strong><br />Hope Stansbury, Laura Cunningham, Robert Burgos",Fiction,Sitges Clàssics,,,Feature film,English,United States of America (the),https://sitgesfilmfestival.com/en/film/2025/degenerates-1967
2329-film_session,2025-10-15T15:00:00,2025-10-15T16:31:00,91,Sala Llevant,False,False,2025-10-15,12252-film,Cementerio del terror,Cementerio del terror,1985,91,,,"One Halloween night, a group of teenagers decide to steal a corpse from the morgue and take it to a cemetery. Unfortunately, they choose the body of a serial killer who has just been shot dead by the police.",<strong>Director</strong><br />Rub&eacute;n Galindo Jr. ,,Brigadoon,,,Feature film,Spanish,Mexico,https://sitgesfilmfestival.com/en/film/2025/cementerio-terror
2185-film_session,2025-10-15T15:15:00,2025-10-15T17:20:00,125,Sala Tramuntana Meliá,False,False,2025-10-15,12213-film,The Old Woman With The Knife,Pa-gwa,2024,125,Min Kyu-Dong,"Korean filmmaker with an extensive filmography under his belt, including films like Whispering Corridors 2: Memento Mori (1999) and Herstory (2018).","Hornclaw is a legendary 60-year-old assassin. Her mundane but bloodthirsty life takes a sharp turn when she meets Bullfight, a promising young hitman. Twenty-five years earlier, he witnessed his father being murdered by Hornclaw. However, his feelings toward her are somewhat contradictory, since he remembers her as the first person who ever showed him any kindness. Meanwhile, Hornclaw doesn't recognize the young man or his true intentions. An exciting and tense ""Made in Korea"" thriller.","<strong>Director</strong> <br />Min Kyu-dong  <br /><strong>Writer</strong> <br />Min Kyu-dong, Kim Dong-wan  <br /><strong>Cinematography</strong> <br />Lee Jae-woo  <br /><strong>Editor</strong> <br />Jeong Ji-eun  <br /><strong>With</strong> <br />Hyeyoung Lee, Kim Sung-cheol, Yeon Woo-jin",Fiction,Òrbita,,,Feature film,Korean,Korea (the Republic of),https://sitgesfilmfestival.com/en/film/2025/old-woman-knife
2235-film_session,2025-10-15T15:30:00,2025-10-15T17:00:00,90,Cinema Casino Prado,False,False,2025-10-15,12140-film,ChaO,ChaO,2025,90,Yasuhiro AOKI,"Although he began his career as an animation director at Studio Live, he has been working at STUDIO 4ºC since 2000. ChaO is his first solo feature film.","In a futuristic world where both humans and mermaids coexist, Stephan, a mild-mannered office worker at a shipbuilding company, receives a sudden marriage proposal from Chao, a princess from the underwater kingdom. With no time to comprehend what's taking place, he finds himself living with Chao, who offers him her pure and sincere love. A moving romantic story capable of breaking down emotional barriers, winner of the Special Jury Award at Annecy 2025.","<strong>Director</strong><br />Yasuhiro Aoki<br /><br /><strong>With</strong>&nbsp;<br />Ouji Suzuka, Anna Yamada&nbsp;",Fiction,Anima't,,,Feature film,Japanese,Japan,https://sitgesfilmfestival.com/en/film/2025/chao
2536-film_session,2025-10-15T17:00:00,2025-10-15T18:50:00,110,Sala Llevant,True,False,2025-10-15,13295-film,Tura!,Tura!,2025,105,,,"Narrated by Margaret Cho and featuring interviews with John Waters and Dita Von Teese, this documentary about the star of the classic Faster, Pussycat! Kill! Kill! (1965) offers a moving glimpse into the life of a cult film icon.",<strong>Director</strong><br />Cody Jarrett,Documentary,Brigadoon; Sitges Documenta,,,Feature film,English,United States of America (the),https://sitgesfilmfestival.com/en/film/2025/tura
2462-film_session,2025-10-15T17:00:00,2025-10-15T18:46:00,106,Sala Auditori Meliá,True,False,2025-10-15,13102-film,The Whisper,El susurro,2025,101,Gustavo Hernández,"Uruguayan director who debuted with The Silent House (2010), premiering in Sitges. His hit film You Shall Not Sleep (2018) was screened at the Tribeca and Malaga film festivals.","Fleeing from their violent father, Luc&iacute;a and Adri&aacute;n take refuge in a remote mansion. With the help of a micro-camera hidden in a cat, Luc&iacute;a discovers a terrifying secret: their neighbors are part of a criminal network that kidnaps teenagers to make snuff films, and they are intent on getting rid of the two siblings. As Luc&iacute;a struggles to protect her brother, she will have to confront a dark family curse that has followed them to their new refuge.","<strong>Director</strong><br />Gustavo Hern&aacute;ndez Ib&aacute;&ntilde;ez<br /><br /><strong>Writer</strong>&nbsp;<br />Juma Fodde Roma&nbsp;<br /><br /><strong>Cinematographer</strong>&nbsp;<br />Santiago Guzm&aacute;n&nbsp;<br /><br /><strong>Editor</strong>&nbsp;<br />Santiago Paiz&nbsp;<br /><br /><strong>With</strong>&nbsp;<br />Ana Clara Guanco, Marcelo Michinaux, Luciano C&aacute;ceres&nbsp;",Fiction,Oficial Fantàstic Competició,,,Feature film,Spanish,Argentina; Uruguay,https://sitgesfilmfestival.com/en/film/2025/susurro
2239-film_session,2025-10-15T17:15:00,2025-10-15T19:05:00,110,Cinema Casino Prado,False,False,2025-10-15,13093-film,Dollhouse,Dollhouse,2025,110,Shinobu Yaguchi,"Japanese director and screenwriter with a solid filmography, including notable productions such as Waterboys (2001), Swing Girls (2004), and Wood Job! (2014).","&nbsp;Yoshie and her husband Tadahiko lose their five-year-old daughter. Overcome with grief, Yoshie finds comfort in a doll that bears a disturbingly striking resemblance to their dead daughter. When their new baby is born, the couple forgets about the doll. But when their daughter turns five and starts playing with it, a series of strange events occur in the house. No matter how hard they try to get rid of it, the doll always finds its way back.","<strong>Director</strong><br />Shinobu Yaguchi<br /><br /><strong>Writer</strong>&nbsp;<br />Shinobu Yaguchi&nbsp;<br /><br /><strong>Cinematographer</strong>&nbsp;<br />Futa Takagi&nbsp;<br /><br /><strong>Editor</strong>&nbsp;<br />Ryuji Miyajima&nbsp;<br /><br /><strong>With</strong>&nbsp;<br />Masami Nagasawa, Koji Seto&nbsp;",Fiction,Panorama,,,Feature film,Japanese,Japan,https://sitgesfilmfestival.com/en/film/2025/dollhouse
2507-film_session,2025-10-15T17:45:00,2025-10-15T19:22:00,97,Sala Tramuntana Meliá,True,False,2025-10-15,13180-film,Mother of Flies,Mother of Flies,2025,92,"Zelda Adams, Toby Poser and John Adams","Founders of Wonder Wheel Productions, the independent production company that created Hellbender (2021) and Where the Devil Roams (2023).","For the third consecutive year, the Adams family returns to Sitges with their latest production: a twisted fairy tale about a woman who resorts to black magic to cope with being diagnosed with a terminal disease. Filmed in the Catskill Mountain forests, it picked up the Cheval Noir Award for Best Film at the most recent Fantasia Festival. A mind-bending descent into teenage grief and spiritual collapse that is their most mature film yet: a spine-chilling ghost story.","<strong>Director</strong><br />Zelda Adams, Toby Poser, John Adams&nbsp;<br /><br /><strong>Writer</strong>&nbsp;<br />Zelda Adams, Toby Poser, John Adams&nbsp;<br /><br /><strong>Cinematographer</strong>&nbsp;<br />Zelda Adams, John Adams&nbsp;<br /><br /><strong>Editor</strong>&nbsp;<br />John Adams&nbsp;<br /><br /><strong>With</strong>&nbsp;<br />Zelda Adams, Toby Poser, John Adams&nbsp;",Fiction,Panorama,,,Feature film,English,United States of America (the),https://sitgesfilmfestival.com/en/film/2025/mother-flies
2486-film_session,2025-10-15T18:00:00,2025-10-15T19:45:00,105,Cinema Escorxador,True,False,2025-10-15,13144-film,Jonathan,Jonathan,1970,100,,,,,,Seven Chances,,,Feature film,German,,https://sitgesfilmfestival.com/en/film/2025/jonathan
2537-film_session,2025-10-15T19:00:00,2025-10-15T20:15:00,75,Sala Llevant,True,False,2025-10-15,12262-film,La noche de Romero,La noche de Romero,2025,70,Allan J. Arcal,,"In 1968, a festival of blood and guts took over our screens. All because of one genius: George A. Romero and his Night of the Living Dead, with its terrifying images that were burned into the retinas of viewers who still remember its impact.",<strong>Director</strong><br />Allan J. Arcal ,Documentary,Brigadoon,,,Feature film,Spanish,Spain,https://sitgesfilmfestival.com/en/film/2025/noche-romero
2535-film_session,2025-10-15T19:15:00,2025-10-15T20:49:00,94,Sala Auditori Meliá,True,False,2025-10-15,13226-film,Sisu: camino a la venganza,Sisu: Road to Revenge,2025,89,,,,,Fiction,Sitges Collection,,,Feature film,English; Finnish,Finland,https://sitgesfilmfestival.com/en/film/2025/sisu-road-revenge
2423-film_session,2025-10-15T19:30:00,2025-10-15T21:12:00,102,Cinema Casino Prado,True,False,2025-10-15,13055-film,Bagworm,Bagworm,2025,97,Oliver Bernsen,"Writer, director, and artist fascinated by the macabre and the bizarre. Known for his short filmsConnective Tissue(2021) andMemory Box(2024).","Carroll's worldview is largely dominated by the decline of human morality. After stepping on a rusty nail, he begins a descent into hell during which he will struggle to find the truth while trying to preserve his increasingly deteriorating health and sanity. And as his moral crusade draws closer and closer to self-destruction, Carroll asks himself the ultimate question: Are we all doomed, or is he just dying of tetanus?","<strong>Director</strong><br />Oliver Bernsen  <br /><strong>Writer</strong><br />Henry Bernsen  <br /><strong>Cinematography</strong><br />Adriel Gonzalez  <br /><strong>Editor</strong><br />Nicholas Nazmi  <br /><strong>With</strong><br />Peter Falls, Michelle Ortiz, Robbie Arnett",Fiction,Panorama,,,Feature film,English,United States of America (the),https://sitgesfilmfestival.com/en/film/2025/bagworm
2451-film_session,2025-10-15T19:45:00,2025-10-15T21:14:00,89,Sala Tramuntana Meliá,True,False,2025-10-15,12234-film,Delivery Run,Delivery Run,2025,84,Joey Palmroos,"Finnish director and screenwriter, he made his feature film directorial debut with the western The Outlaws (2023).","A food delivery driver finds himself caught up in a deadly chase across the frozen Minnesota wilderness, pursued by a relentless and deranged snowplow driver. The reason for their dispute is completely unknown to the delivery driver, and it will force him to face life-threatening situations. Something he'll have to do all on his own, improvising as he goes. A mixture of black comedy and survival that evokes, in true indie style, Duel.","<strong>Director</strong><br />Joey Palmroos<br /><br /><strong>Writer</strong>&nbsp;<br />Joey Palmroos, Anders Holmes&nbsp;<br /><br /><strong>Cinematograph</strong>&nbsp;<br />Ari Virem&nbsp;<br /><br /><strong>Editor</strong>&nbsp;<br />Toni Tikkanen&nbsp;<br /><br /><strong>With</strong>&nbsp;<br />Alexander Arnold, Liam James Collins, Joey Palmroos&nbsp;",Fiction,Panorama,,,Feature film,English,Finland,https://sitgesfilmfestival.com/en/film/2025/delivery-run
2266-film_session,2025-10-15T20:15:00,2025-10-15T22:20:00,125,Cinema Escorxador,False,False,2025-10-15,13116-film,Feels Like Home,Itt érzem magam otthon,2025,125,Gábor Holtai,,,,Fiction,Noves Visions,,,Feature film,Hungarian,Hungary,https://sitgesfilmfestival.com/en/film/2025/feels-home
2343-film_session,2025-10-15T21:00:00,2025-10-15T22:27:00,87,Sala Llevant,False,False,2025-10-15,13088-film,Devil Returns,Devil Returns,1982,87,,,"A couple's peaceful life turns into a horrifying nightmare because of a diabolical curse. A possession is just the beginning, when a woman gives birth to what could be the son of the Antichrist himself.",<strong>Director</strong><br />Richard Chen,,Brigadoon,,,Feature film,Mandarin,Taiwan,https://sitgesfilmfestival.com/en/film/2025/devil-returns
2454-film_session,2025-10-15T21:15:00,2025-10-15T23:29:00,134,Sala Auditori Meliá,True,False,2025-10-15,12183-film,Drácula (Luc Besson),Dracula: A Love Tale,2025,129,Luc Besson,"One of the most influential French filmmakers, known for creating visually iconic films including The Last Battle, winner of the Sitges Film Festival in 1983, Léon The Professional (1994), and The Fifth Element (1997).","In the 15th century, Prince Vladimir renounces God after the sudden loss of his wife and winds up inheriting an eternal curse: he turns into Dracula. Condemned to wander around throughout the centuries, he defies fate and death itself, guided by one single hope: to be reunited with his lost love. For the very first time, Luc Besson ventures into the horror genre with an explosive adaptation of the Dracula myth starring his new pet actor, Caleb Landry Jones.","<strong>Director</strong><br />Luc Besson<br /><br /><strong>Writer</strong><br />Luc Besson<br /><br /><strong>Cinematographer</strong>&nbsp;<br />Colin Wandersman&nbsp;<br /><br /><strong>Editor</strong>&nbsp;<br />Lucas ""Kub"" Fabiani&nbsp;<br /><br /><strong>With</strong>&nbsp;<br />Caleb Landry Jones, Zo&euml; Bleu, Christoph Waltz&nbsp;",Fiction,Sitges Collection,,,Feature film,English,France,https://sitgesfilmfestival.com/en/film/2025/dracula-love-tale
2511-film_session,2025-10-15T21:30:00,2025-10-15T23:30:00,120,Cinema Casino Prado,True,False,2025-10-15,13185-film,No One Will Know,Le roi soleil,2025,115,,,,,Fiction,Òrbita,,,Feature film,French,France,https://sitgesfilmfestival.com/en/film/2025/no-one-will-know
2501-film_session,2025-10-15T21:45:00,2025-10-15T23:16:00,91,Sala Tramuntana Meliá,True,False,2025-10-15,13169-film,Man Finds Tape,Man Finds Tape,2025,86,Peter Hall and Paul Gandersman,"Artistic duo from Austin, their novel The Dead Friends Society (2022) was nominated for the Shirley Jackson Awards. Man Finds Tape is their debut feature film.","After receiving a mysterious phone call, documentary filmmaker Lynn Page returns to her Texas hometown of Larkin to investigate some disturbing footage of events that no one remembers. Her brother Lucas's controversial past, involving a viral web series called Man Finds Tape, leads Lynn to question whether or not she can trust him. A nightmarish found footage film arriving straight from Tribeca, which navigates between the worlds of The Blair Witch Project and Pulse.","<strong>Director</strong><br />Peter Hall, Paul Gandersman<br /><br /><strong>Writer</strong>&nbsp;<br />Peter Hall, Paul Gandersman&nbsp;<br /><br /><strong>Cinematographer</strong>&nbsp;<br />David Coone&nbsp;<br /><br /><strong>Editor</strong>&nbsp;<br />Tyler Mager, Paul Gandersman&nbsp;<br /><br /><strong>With</strong>&nbsp;<br />Kelsey Pribilski, William Magnuson, John Gholson&nbsp;",Fiction,Panorama,,,Feature film,English,United States of America (the),https://sitgesfilmfestival.com/en/film/2025/man-finds-tape
2447-film_session,2025-10-15T23:15:00,2025-10-16T01:09:00,114,Cinema Escorxador,True,False,2025-10-15,13086-film,Dawning,Demring,2025,109,Patrik Syversen,"Director and screenwriter whose works have been screened at international film festivals including San Sebastián, Fantastic Fest, and Sitges.","Three sisters retreat to their family's vacation home to process a traumatic incident. When they discover that, on top of everything else, their abusive mother has died, the two older sisters decide not to tell the youngest to spare her the painful ordeal. As secrets and lies come to light, a mysterious man shows up unexpectedly. A new milestone in Norwegian experimental horror from SpectreVision, Elijah Wood's production company.","<strong>Director</strong><br />Patrik Syversen&nbsp;<br /><br /><strong>Writer</strong>&nbsp;<br />Patrik Syversen&nbsp;<br /><br /><strong>Cinematographer</strong>&nbsp;<br />Andreas Johannessen&nbsp;<br /><br /><strong>Editor</strong>&nbsp;<br />Erlend Mj&oslash;men Knudsen, Patrik Syversen&nbsp;<br /><br /><strong>With</strong>&nbsp;<br />Kathrine Thorborg Johansen, Silje Storstein, Marte Magnusdotter Solem&nbsp;",Fiction,Noves Visions,,,Feature film,Norwegian,Norway,https://sitgesfilmfestival.com/en/film/2025/dawning
2379-film_session,2025-10-15T23:45:00,2025-10-16T01:22:00,97,Sala Tramuntana Meliá,False,False,2025-10-15,13055-film,Bagworm,Bagworm,2025,97,Oliver Bernsen,"Writer, director, and artist fascinated by the macabre and the bizarre. Known for his short filmsConnective Tissue(2021) andMemory Box(2024).","Carroll's worldview is largely dominated by the decline of human morality. After stepping on a rusty nail, he begins a descent into hell during which he will struggle to find the truth while trying to preserve his increasingly deteriorating health and sanity. And as his moral crusade draws closer and closer to self-destruction, Carroll asks himself the ultimate question: Are we all doomed, or is he just dying of tetanus?","<strong>Director</strong><br />Oliver Bernsen  <br /><strong>Writer</strong><br />Henry Bernsen  <br /><strong>Cinematography</strong><br />Adriel Gonzalez  <br /><strong>Editor</strong><br />Nicholas Nazmi  <br /><strong>With</strong><br />Peter Falls, Michelle Ortiz, Robbie Arnett",Fiction,Panorama,,,Feature film,English,United States of America (the),https://sitgesfilmfestival.com/en/film/2025/bagworm
2430-film_session,2025-10-15T23:45:00,2025-10-16T01:22:00,97,Cinema Casino Prado,True,False,2025-10-15,13061-film,Blood Shine,Blood Shine,2024,92,Emily Bennett and Justin Brooks,"Award-winning duo of filmmakers responsible for the highly acclaimed horror film Alone With You (2021), which was screened at festivals all over the world.","Clara, a religious zealot, worships the light in solitary sacred rituals. Brighton, a problematic film director, travels to upstate New York to finish the screenplay for his film, where he meets Clara. The devout woman convinces the young man that her sadistic ceremonies will turn him into a god, plunging him into a mind-bending journey towards the sublime. A fascinating exploration of faith that constitutes a solid step forward for its directorial duo.","<strong>Director</strong><br />Emily Bennett, Justin Brooks&nbsp;<br /><br /><strong>Writer</strong>&nbsp;<br />Emily Bennett, Justin Brooks&nbsp;<br /><br /><strong>Cinematographer</strong>&nbsp;<br />Justin Brooks&nbsp;<br /><br /><strong>Editor</strong>&nbsp;<br />Ward Crockett, Matt Latham&nbsp;<br /><br /><strong>With</strong>&nbsp;<br />Emily Bennett, David Call, Brendan Sexton III&nbsp;",Fiction,Panorama,,,Feature film,English,United States of America (the),https://sitgesfilmfestival.com/en/film/2025/blood-shine
2522-film_session,2025-10-16T13:45:00,2025-10-16T16:07:00,142,Sala Auditori Meliá,True,False,2025-10-16,12166-film,Redux Redux,Redux Redux,2025,107,Kevin McManus and Matthew McManus,The McManus brothers are the writers and producers of the Peabody Award-winning and Emmy-nominated series American Vandal and Cobra Kai.,"In an attempt to avenge her daughter's death, Irene Kelly travels through parallel universes, killing the murderer over and over again. In fact, she becomes addicted to this cycle of revenge, putting her own humanity at risk. A captivating and highly original science fiction thriller that once again demonstrates the excellent health of independent American fantastic filmmaking.","<strong>Director</strong><br />Kevin McManus, Matthew McManus<br /><br /><strong>Writer</strong><br />Kevin McManus, Matthew McManus<br /><br /><strong>Cinematograph</strong>&nbsp;<br />Alan Gwizdowski&nbsp;<br /><br /><strong>Editor</strong>&nbsp;<br />Derek Desmond, Nate Cormier&nbsp;<br /><br /><strong>With</strong>&nbsp;<br />Michaela McManus, Stella Marcus, Jeremy Holm&nbsp;",Fiction,Oficial Fantàstic Competició,,,Feature film,English,United States of America (the),https://sitgesfilmfestival.com/en/film/2025/redux-redux
2322-film_session,2025-10-16T14:00:00,2025-10-16T15:40:00,100,Sala Llevant,False,False,2025-10-16,13123-film,Fruta prohibida,Fruta prohibida,0,100,,,,"LUJURIA (2025 &ndash; 78 m.) &nbsp;ESTRENO   <br />Director: I&ntilde;aki Aguilar.  <br />With: Arashi M&eacute;ndez, Antonio de Los Santos, Adri&aacute;n Delgado, Carmen Podio.  <br /><br />MARTARELLA (2024 &ndash; 21m.)   <br />Director: M. B. Montes y Miguel Guirado.  <br />With: Martanuelle, Mike Turned, Igna L. Vacas, Luz Moreno, Alex Mendibil, Manuel Colomina.  <br /><br />",,Brigadoon,,,,Spanish,Spain,https://sitgesfilmfestival.com/en/film/2025/fruta-prohibida
2526-film_session,2025-10-16T14:00:00,2025-10-16T15:30:00,90,Cinema Escorxador,True,False,2025-10-16,13214-film,Sangre del Toro,Sangre del Toro,2025,85,Yves Montmayeur,"Director of more than a dozen documentaries, in 2015 he won the Best Documentary award at Venice Classics withThe 1000 Eyes of Dr. Maddin.","This documentary unfolds just like Ariadne's thread through an enchanted labyrinth, where each image is a symbol, a clue that brings us back to the human and monstrous universe of Guillermo del Toro. From his baroque hometown of Guadalajara to the mysterious corners of Paris, this minotaur filmmaker, guardian of his artistic labyrinth, personally guides us through an initiatory journey to solve some of the enigmas of his films.","<strong>Director</strong><br />Yves Montmayeur  <br /><strong>Writer</strong><br />Yves Montmayeur  <br /><strong>Cinematography</strong><br />Raphael Aupy, Vincent Gonon, Yves Montmayeur  <br /><strong>Editor</strong><br />Matthieu Brunel  <br /><strong>With</strong><br />Guillermo del Toro, Eugenio Caballero, Junji Ito",Documentary,Sitges Documenta,,,Feature film,English; Spanish; Japanese,France; United Kingdom of Great Britain and Northern Ireland (the),https://sitgesfilmfestival.com/en/film/2025/sangre-toro
2352-film_session,2025-10-16T14:00:00,2025-10-16T15:48:00,108,Sala Tramuntana Meliá,False,False,2025-10-16,13189-film,Obsession,Obsession,0,108,,,,,,Oficial Fantàstic Competició,,,Feature film,English,,https://sitgesfilmfestival.com/en/film/2025/obsession
2508-film_session,2025-10-16T15:00:00,2025-10-16T16:37:00,97,Cinema Casino Prado,True,False,2025-10-16,13180-film,Mother of Flies,Mother of Flies,2025,92,"Zelda Adams, Toby Poser and John Adams","Founders of Wonder Wheel Productions, the independent production company that created Hellbender (2021) and Where the Devil Roams (2023).","For the third consecutive year, the Adams family returns to Sitges with their latest production: a twisted fairy tale about a woman who resorts to black magic to cope with being diagnosed with a terminal disease. Filmed in the Catskill Mountain forests, it picked up the Cheval Noir Award for Best Film at the most recent Fantasia Festival. A mind-bending descent into teenage grief and spiritual collapse that is their most mature film yet: a spine-chilling ghost story.","<strong>Director</strong><br />Zelda Adams, Toby Poser, John Adams&nbsp;<br /><br /><strong>Writer</strong>&nbsp;<br />Zelda Adams, Toby Poser, John Adams&nbsp;<br /><br /><strong>Cinematographer</strong>&nbsp;<br />Zelda Adams, John Adams&nbsp;<br /><br /><strong>Editor</strong>&nbsp;<br />John Adams&nbsp;<br /><br /><strong>With</strong>&nbsp;<br />Zelda Adams, Toby Poser, John Adams&nbsp;",Fiction,Panorama,,,Feature film,English,United States of America (the),https://sitgesfilmfestival.com/en/film/2025/mother-flies
2337-film_session,2025-10-16T16:00:00,2025-10-16T17:35:00,95,Sala Llevant,False,False,2025-10-16,13072-film,Combinados de ficción,Combinados de ficción,0,95,,,,"DANKO &amp; BARBY (2025 &ndash; 53m.)   <br />Director: Jesus Puente y Emi Gago.  <br />With: Jesus Puente , Marga Arias , Ina , &Aacute;ngel Seone , Loli guisaso, Paco Madrid , Jose Ram&oacute;n Nieto, Antonio Cortez .  <br /><br />EL JUEGO DE LOS FALSOS (2025&nbsp; &ndash; 18m.)   <br />Director: Diana Caro.  <br />With: &Aacute;ngela Tejedor, Alberto Hidalgo, Carlos C&aacute;balas, C&eacute;sar Martel, Pedro G&aacute;lvez,&nbsp; Diana Caro.  <br /><br />NO FROST (2025 &ndash; 7 m.)   <br />Director: Elyre Ross.  <br />With: Elena Plantada, Elyre Ross, Emilio Linder, Luj&aacute;n S&aacute;nchez, Antonio Albella.  <br /><br />ASALTO DE NAVIDAD &nbsp;(2025 &ndash; 7 m.)   <br />Director: Igna L. Vacas.  <br />With: Luba Garc&iacute;a, Gustavo Cantolla.  <br /><br />LOS ROBOSTS QUE NO AMABAN A LOS ROBOTS &nbsp;(2024&nbsp; &ndash; 10m.)   <br />Director: Alejandro Ruiz Pad&iacute;n.  <br />With: Francisco Rodr&iacute;guez &ldquo;El Padi&rdquo;, Silvia Testillano.  <br /><br />&nbsp;",,Brigadoon,,,,Spanish,Spain,https://sitgesfilmfestival.com/en/film/2025/combinados-ficcion
2346-film_session,2025-10-16T16:15:00,2025-10-16T18:05:00,110,Sala Tramuntana Meliá,False,False,2025-10-16,13093-film,Dollhouse,Dollhouse,2025,110,Shinobu Yaguchi,"Japanese director and screenwriter with a solid filmography, including notable productions such as Waterboys (2001), Swing Girls (2004), and Wood Job! (2014).","&nbsp;Yoshie and her husband Tadahiko lose their five-year-old daughter. Overcome with grief, Yoshie finds comfort in a doll that bears a disturbingly striking resemblance to their dead daughter. When their new baby is born, the couple forgets about the doll. But when their daughter turns five and starts playing with it, a series of strange events occur in the house. No matter how hard they try to get rid of it, the doll always finds its way back.","<strong>Director</strong><br />Shinobu Yaguchi<br /><br /><strong>Writer</strong>&nbsp;<br />Shinobu Yaguchi&nbsp;<br /><br /><strong>Cinematographer</strong>&nbsp;<br />Futa Takagi&nbsp;<br /><br /><strong>Editor</strong>&nbsp;<br />Ryuji Miyajima&nbsp;<br /><br /><strong>With</strong>&nbsp;<br />Masami Nagasawa, Koji Seto&nbsp;",Fiction,Panorama,,,Feature film,Japanese,Japan,https://sitgesfilmfestival.com/en/film/2025/dollhouse
2446-film_session,2025-10-16T16:15:00,2025-10-16T17:55:00,100,Cinema Escorxador,True,False,2025-10-16,12223-film,Dangerous Encounters of the First Kind,Dangerous Encounters of the First Kind,1980,95,Tsui Hark,,"In the early 1980s, three friends build a homemade bomb to detonate it in a movie theater in their city. A troubled young girl who witnesses the explosion manages to manipulate them into forming a criminal alliance, leading them to take on mercenaries and arms dealers. A nihilistic portrait of Hong Kong's hustle and bustle from the co-director of A Chinese Ghost Story III, with clear influences from the early works of Carpenter, Peckinpah, and Leone.","<strong>Director</strong> <br />Tsui Hark   <br /><strong>Writer</strong> <br />Cheuk-Hon Szeto  <br /><strong>Cinematography</strong> <br />David Chung  <br /><strong>Editor</strong> <br />Cheung-Kan Chow, Wai-Tsi Wu  <br /><strong>With</strong><br />Chen-Chi Lin, Lieh Lo, Albert Au",Fiction,Seven Chances,,,Feature film,English; Cantonese,Hong Kong,https://sitgesfilmfestival.com/en/film/2025/dangerous-encounters-first-kind
2563-film_session,2025-10-16T16:30:00,2025-10-16T18:32:00,122,Sala Auditori Meliá,True,False,2025-10-16,13294-film,Tristes Tropiques,Seulpeun-Yeoldae,2025,117,Park Hoon-jung,"Winner of the Award for Best Screenplay at the Blue Dragon Awards for The Unjust (2010), he participated in the Òrbita section in 2023 with The Childe.","A group of young assassins who are affiliated with the organization &ldquo;Tristes Tropiques,&rdquo; specialists in jungle warfare and trained by The Master, the absolute ruler of the rainforest, are struggling with mutual distrust while they vow to carry out bloody revenge following an incident that shakes their very existence. The screenwriter of I Saw the Devil, presented at the 43rd edition of the Festival, returns to Sitges with the intention of taking our breath away, once again.","<strong>Director</strong><br />Park Hoon-jung  <br /><strong>Writer</strong><br />Park Hoon-jung  <br /><strong>Cinematography</strong><br />Kim Young-ho  <br /><strong>Editor</strong><br />Jang Lae-won  <br /><strong>With</strong><br />Lee Sin-young, Park Yu-rim, Kim Myung-min",Fiction,Òrbita,,,Feature film,Korean; English; Chichewa; Japanese; Thai,Korea (the Republic of),https://sitgesfilmfestival.com/en/film/2025/tristes-tropiques
2186-film_session,2025-10-16T17:00:00,2025-10-16T18:47:00,107,Mercat Vell,False,False,2025-10-16,12304-film,The Paper Bear,The Paper Bear,2025,107,,,,,Fiction,Sitges Family - Kids,,,Feature film,English,United States of America (the),https://sitgesfilmfestival.com/en/film/2025/paper-bear
2572-film_session,2025-10-16T17:15:00,2025-10-16T19:09:00,114,Cinema Casino Prado,False,True,2025-10-16,13220-film,She Has No Name,She Has No Name,2024,94,Peter Chan,"Director and producer who rose to international fame with Comrades: Almost a Love Story, named one of the ten best films of 1997.","Based on one of the most famous unsolved murders in China, it unfolds in a bustling alleyway during the Japanese occupation of Shanghai. Zhan-Zhou, charged with the bloody dismemberment of her husband, a crime that seems unlikely she could have committed on her own, is thrust into the court of public opinion. The actress from House of Flying Daggers is the star of this heart-wrenching portrait of the situation of women in the East during the 1940s.","<strong>Director</strong><br />Peter Chan&nbsp;<br /><br /><strong>Writer</strong>&nbsp;<br />Yang Shang, Feng Jiang, Ling Shi, Yiran Pan&nbsp;<br /><br /><strong>Cinematographer</strong>&nbsp;<br />Jake Pollock&nbsp;<br /><br /><strong>Editor</strong>&nbsp;<br />William Chang, Yibo Zhang&nbsp;<br /><br /><strong>With</strong>&nbsp;<br />Ziyi Zhang, Jiayin Lei&nbsp;",Fiction,Òrbita - Sessions Especials,,,Feature film,Mandarin,China,https://sitgesfilmfestival.com/en/film/2025/she-has-no-name
2341-film_session,2025-10-16T18:00:00,2025-10-16T19:30:00,90,Sala Llevant,False,False,2025-10-16,13130-film,HCLM - Degustación variada,HCLM - Degustación variada,0,90,,,,"EL GUARDI&Aacute;N DE LA PISCINA (2025&nbsp; &ndash; 8m.)   <br />Director: Rub&eacute;n Laguna Castellanos.  <br />With: Charo Herrero G&oacute;mez, Jos&eacute; Francisco Arenas Fern&aacute;ndez, Xamiry Gisela Flores, Alejandro M&aacute;rquez Ciudad Real, Miguel &Aacute;ngel Dotor Posadas, Mar&iacute;a Pilar Monsalve Corredor.<br />&nbsp; <br />EST&Aacute;TICA (2025 &ndash; 10m.)   <br />Director: Luis Casanova.  <br />With: Agust&iacute;n Ustarroz, Maribel Ripoll, Miguel &Aacute;ngel Iglesias.  <br /><br />LAS OVEJAS DEL PLANETA TIERRA (2025&nbsp; &ndash; 5m.)   <br />Director: Arturo Mombiedro y Julia Reina.  <br />With: C&eacute;sar Garc&iacute;a.  <br /><br />DRONISIO &ndash; MEMORIAS DE UN JUGUETE ROTO (2025 &ndash; 8m.)   <br />Director: Javier Perea.  <br />With: Narraci&oacute;n.  <br /><br />OSTRAS (2024&nbsp; &ndash; 11m.)   <br />Director: Jos&eacute; Antonio Olivares.  <br />With: Alba Ferrara,&nbsp; Alain Kortazar,&nbsp; Jos&eacute; Fre&aacute;n R&iacute;os,&nbsp; David Pinilla.  <br /><br />003 (2025 &ndash; 3m.)   <br />Director: Daniel Chamorro.  <br />With: Julen Clarke, Daniel Chamorro.  <br /><br />REVERSO (2025 &ndash; 8m.)   <br />Director: Miguel &Aacute;ngel Carri&oacute;n.  <br />With: Jos&eacute; Luis Ruda.  <br /><br />NIGHT BATH (2025 &ndash; 2m.) &nbsp;  <br />Director: Sergio Mart&iacute;nez.  <br />With: Luc&iacute;a Feligreras Mesa.  <br /><br />PLATO ESTRELLA (2025 &ndash; 6m.)&nbsp;   <br />Director: Roberto del Castar.  <br />With: Ic&iacute;ar Ventepan, Javier Lago.  <br /><br />KARAOKE FINAL (2025&nbsp; &ndash; 8m.)   <br />Director: Miguel Escamilla.  <br />With: Juanjo Grau, Greta de Anta, Miguel &Aacute;ngel Garc&iacute;a, Estela Sarabia, Tofol, Daniel G&ouml;ring, Pablo Llorens, Leticia Bargues, Juan Fogliata Ferrari, Esther Repiso, JVGL El Trovador, Isabel Ruiz.  <br />",,Brigadoon,,,,Spanish,Spain,https://sitgesfilmfestival.com/en/film/2025/hclm-degustacion-variada
2179-film_session,2025-10-16T18:15:00,2025-10-16T19:42:00,87,Cinema Escorxador,False,False,2025-10-16,12212-film,The Home (Mattias J. Skoglund),Hemmet,2025,87,Mattias J. Skoglund,"He has worked in television, film, and radio drama. In 2014, his first feature film, Losers, received the Critics' Choice Award at the Haugesund Film Festival.","Joel reluctantly returns to his childhood home to help his mother Monika, who has suffered a severe brain hemorrhage that left her clinically dead for several minutes. Once she recovers, she doesn't seem like herself anymore. Joel is convinced that she has been possessed by something from the other side. Monika, now suffering from dementia, will begin to have strange visions from a dark past.","<strong>Director</strong><br />Mattias J. Skoglund<br /><strong>Writer</strong><br />Mattias J. Skoglund<br /><strong>Cinematography</strong><br />Malin LQ<br /><strong>Editor</strong><br />Linda Jildmalm<br /><strong>With</strong><br />Philip Oros, Gizem Erdogan, Anki Lid&eacute;n",Fiction,Noves Visions,,,Feature film,Swedish,Sweden,https://sitgesfilmfestival.com/en/film/2025/home-mattias-j-skoglund
2347-film_session,2025-10-16T18:30:00,2025-10-16T20:01:00,91,Sala Tramuntana Meliá,False,False,2025-10-16,13118-film,Find Your Friends,Find Your Friends,2024,91,Izabel Pakzad,"Iranian-Greek-American actress and filmmaker. Her first feature film, Find Your Friends, has been screened at the Fantasia Festival and the Fantastic Fest in Austin.","What starts off as an unbridled girls' trip turns into a dangerous adventure when the protagonists are confronted with major hostility from the locals. As tensions begin to escalate, Amber's friends will gradually grow tired of the toxic group dynamics. With its highly cinematic desert setting, this high-powered debut feature delivers a sinister twist on party culture that culminates in a hard-hitting finale you won't easily be able to get out of your head.","<strong>Director</strong><br />Izabel Pakzad<br /><br /><strong>Writer</strong>&nbsp;<br />Izabel Pakzad&nbsp;<br /><br /><strong>Cinematographer</strong>&nbsp;<br />Tim Curtin&nbsp;<br /><br /><strong>Editor</strong>&nbsp;<br />Maxime Pozzi-Garcia&nbsp;<br /><br /><strong>With</strong>&nbsp;<br />Helena Howard, Bella Thorne, Chloe Cherry&nbsp;",Fiction,Òrbita,,,Feature film,English,United States of America (the),https://sitgesfilmfestival.com/en/film/2025/find-your-friends
2525-film_session,2025-10-16T19:00:00,2025-10-16T22:08:00,188,Sala Auditori Meliá,True,False,2025-10-16,13189-film,Obsession,Obsession,0,108,,,,,,Oficial Fantàstic Competició,,,Feature film,English,,https://sitgesfilmfestival.com/en/film/2025/obsession
2200-film_session,2025-10-16T19:45:00,2025-10-16T21:40:00,115,Cinema Casino Prado,True,True,2025-10-16,13278-film,Theatre of Horrors: The Sordid Story of Paris' Grand Guignol,Theatre of Horrors: The Sordid Story of Paris' Grand Guignol,2025,90,David Gregory,"Founder and CEO of Severin Films, he has directed transgressive films including Plague Town (2008) and Lost Soul: The Doomed Journey of Richard Stanley's Island of Dr. Moreau (2014).","In 1897, in an alleyway located in the sordid neighborhood of Pigalle (Paris), an old chapel converted into a performance space was transformed into a theater steeped in naturalism, controversy, and macabre spectacles. Over the next 65 years, the Grand Guignol would provoke both repulsion and celebration in equal measure. Narrated by Barbara Steele and featuring state-of-the-art visual effects, this documentary chronicles the sociocultural impact of France's most infamous creation.","<strong>Director</strong><br />David Gregory  <br /><strong>Cinematography</strong><br />Madeleine LeDespencer  <br /><strong>Editor</strong><br />David Gregory  <br /><strong>With</strong><br />Barbara Steele, Mel Gordon, Denise Dax",Documentary,Sitges Documenta,,,Feature film,English; French,United States of America (the); France,https://sitgesfilmfestival.com/en/film/2025/theatre-horrors-sordid-story-paris-grand-guignol
2472-film_session,2025-10-16T20:00:00,2025-10-16T21:53:00,113,Cinema Escorxador,True,False,2025-10-16,13125-film,Fucktoys,Fucktoys,2025,108,Annapurna Sriam,"As an actress, she worked with Jesse Eisenberg in his play The Spoils and in film productions including Feral (2019). Fucktoys is her debut as a filmmaker.","A part-time sex worker, and full-time chaos magnet, AP is totally convinced that the universe has her in its grip, and she may well be right. In this wild, unfiltered debut, AP searches for a cosmic reset after a very peculiar tarot card reader tells her that she needs a thousand dollars and a scapegoat to be able to break her curse. Crude, raw, and unhinged, this hilarious adventure is tailor-made for anyone who feels like they might possibly be cursed.","<strong>Director</strong><br />Annapurna Sriram<br /><br /><strong>Writer</strong>&nbsp;<br />Annapurna Sriram&nbsp;<br /><br /><strong>Cinematographer</strong>&nbsp;<br />Cory Fraiman-Lott&nbsp;<br /><br /><strong>Editor</strong>&nbsp;<br />Lilly Wild, Grason Caldwell&nbsp;<br /><br /><strong>With</strong>&nbsp;<br />Annapurna Sriram, Sadie Scott, Fran&ccedil;ois Arnaud&nbsp;",Fiction,Noves Visions,,,Feature film,English,United States of America (the),https://sitgesfilmfestival.com/en/film/2025/fucktoys
2202-film_session,2025-10-16T20:00:00,2025-10-16T21:40:00,100,Sala Llevant,False,False,2025-10-16,13282-film,Todo puede ocurrir,Todo puede ocurrir,0,100,,,,"<p>TRIAL (2025 &ndash; 75 m.) ESTRENO  <br />Director: Ernesto Aguilar.  <br />With: Clara Kovacic, Agust&iacute;n Olcese, Lara Lusnich, Antonio Mayans.  <br /></p><p>VALHALLA? (2025 &ndash; 6 m.)   <br />Director: Anraro  <br />With: Anraro, Susana Guerrero.  <br /><br />TRISTAN LA L&Iacute;A (2025 &ndash; 20m.)   <br />Director: Beatriz Olcina y Borja Pascual.  <br />With: Cristina Esteve, Rafa Alarc&oacute;n.  <br /></p>&nbsp; ",,Brigadoon,,,,Spanish,Spain,https://sitgesfilmfestival.com/en/film/2025/todo-puede-ocurrir
2291-film_session,2025-10-16T21:00:00,2025-10-16T22:16:00,76,Mercat Vell,False,False,2025-10-16,12282-film,Horror and Love,Horror and Love,2025,76,,,,,Documentary,Sitges Documenta; Sitges Family - Teens,,,Feature film,Spanish; English,Spain,https://sitgesfilmfestival.com/en/film/2025/horror-and-love
2552-film_session,2025-10-16T21:45:00,2025-10-16T23:55:00,130,Cinema Casino Prado,True,False,2025-10-16,12213-film,The Old Woman With The Knife,Pa-gwa,2024,125,Min Kyu-Dong,"Korean filmmaker with an extensive filmography under his belt, including films like Whispering Corridors 2: Memento Mori (1999) and Herstory (2018).","Hornclaw is a legendary 60-year-old assassin. Her mundane but bloodthirsty life takes a sharp turn when she meets Bullfight, a promising young hitman. Twenty-five years earlier, he witnessed his father being murdered by Hornclaw. However, his feelings toward her are somewhat contradictory, since he remembers her as the first person who ever showed him any kindness. Meanwhile, Hornclaw doesn't recognize the young man or his true intentions. An exciting and tense ""Made in Korea"" thriller.","<strong>Director</strong> <br />Min Kyu-dong  <br /><strong>Writer</strong> <br />Min Kyu-dong, Kim Dong-wan  <br /><strong>Cinematography</strong> <br />Lee Jae-woo  <br /><strong>Editor</strong> <br />Jeong Ji-eun  <br /><strong>With</strong> <br />Hyeyoung Lee, Kim Sung-cheol, Yeon Woo-jin",Fiction,Òrbita,,,Feature film,Korean,Korea (the Republic of),https://sitgesfilmfestival.com/en/film/2025/old-woman-knife
2363-film_session,2025-10-16T21:45:00,2025-10-16T23:25:00,100,Sala Tramuntana Meliá,False,False,2025-10-16,13069-film,Chien 51,Chien 51,0,100,Cédric Jimenez,,,,,Oficial Fantàstic Competició,,,Feature film,French,,https://sitgesfilmfestival.com/en/film/2025/chien-51
2319-film_session,2025-10-16T22:00:00,2025-10-16T23:12:00,72,Sala Llevant,False,False,2025-10-16,13109-film,Escenarios malditos,Escenarios malditos,0,72,,,,"LA FOT&Oacute;GRAF<br />Director: Carlos Marb&aacute;n.  <br />With:. Daniela Casas, Noah Casas, Leyre Azpiri, B&aacute;rbara Mar nez, Samantha Jaramillo, Alberto Tierrez y Marian Garrido, Beatriz Mirleanu, Chema Coloma.  <br /><br />&nbsp; <br />EL CONSERJE    <br />Director: Borja Gamo Soriano.  <br />With: Jorge Andolz , Cloe Araiz , David Arambur , Nicolas Camacho , Ana Bel&eacute;n Camarero ,&nbsp;Gonzalo Gonz&aacute;lez&nbsp;, Miriam Gonz&aacute;lez , Isi Ignis, Isca Lorite.  <br />",,Brigadoon,,,,Spanish,,https://sitgesfilmfestival.com/en/film/2025/escenarios-malditos
2273-film_session,2025-10-16T22:30:00,2025-10-17T00:35:00,125,Cinema Escorxador,False,False,2025-10-16,12180-film,A Grand Mockery,A Grand Mockery,2024,105,Adam C. Briggs & Sam Dixon,"Briggs is an independent screenwriter and director interested in docufiction, auteur cinema, and genre films. Dixon's horror short films have been screened at several international festivals. A Grand Mockery is their first joint project.","Josie's life changes when mental illness drives him away from his daily routine in the city and leads him to wander through the interior of the Queensland rainforest. Filmed on Super-8, this surreal and unsettling journey into hell shifts organically from black comedy to body horror. Winner of the Award for Best Feature Film at last year's edition of SXSW Sydney, it could be considered the Australian version of I Saw the TV Glow.","<strong>Director</strong><br />Adam C. Briggs, Sam Dixon&nbsp;<br /><br /><strong>Writer</strong>&nbsp;<br />Adam C. Briggs, Sam Dixon&nbsp;<br /><br /><strong>Cinematographer</strong>&nbsp;<br />Charlie Hillhouse&nbsp;<br /><br /><strong>Editor</strong>&nbsp;<br />James Vaughan&nbsp;<br /><br /><strong>With</strong>&nbsp;<br />Sam Dixon, Kate Dillon&nbsp;<br /><br />&nbsp;",Fiction,Noves Visions,,,Feature film,English,Australia,https://sitgesfilmfestival.com/en/film/2025/grand-mockery
2290-film_session,2025-10-16T22:30:00,2025-10-16T23:59:00,89,Mercat Vell,False,False,2025-10-16,12143-film,"Hammer: Heroes, Legends and Monsters","Hammer: Heroes, Legends and Monsters",2024,89,Benjamin Field,"An award-winning producer and director, he works with various organizations in the United Kingdom to help develop a framework for the use of AI in cinema.","Narrated by Charles Dance, it explores the extraordinary history of Hammer Films through the eyes of its iconic actors, filmmakers, and fans, revealing the untold secrets of the studio's heroes, legends, and monsters. With never-before-seen footage and expert insight, it celebrates the gothic atmosphere and enduring influence of Hammer's horror classics, tracing the chronology of the production company from its very beginnings.","<strong>Director</strong><br />Benjamin Field<br /><br /><strong>Writer</strong><br />Jamie Anderson<br /><br /><strong>Cinematograph</strong><br />Ash Connaughton&nbsp;<br /><br /><strong>Editor</strong><br />Benjamin Field, Charlotte Serpell&nbsp;<br /><br /><strong>With</strong><br />Charles Dance, Tim Burton, John Carpenter&nbsp;",Documentary,Sitges Documenta; Sessió Pop Corn,,,Feature film,English,United Kingdom of Great Britain and Northern Ireland (the),https://sitgesfilmfestival.com/en/film/2025/hammer-heroes-legends-and-monsters
2569-film_session,2025-10-16T22:45:00,2025-10-17T00:58:00,133,Sala Auditori Meliá,False,False,2025-10-16,13065-film,Bugonia,Bugonia,2024,118,,,,,Fiction,Sitges Collection,,,Feature film,English,United Kingdom of Great Britain and Northern Ireland (the),https://sitgesfilmfestival.com/en/film/2025/bugonia
2371-film_session,2025-10-16T23:45:00,2025-10-17T01:16:00,91,Sala Tramuntana Meliá,False,False,2025-10-16,13134-film,Hellcat,Hellcat,2025,91,,,"Lena wakes up in a moving camper trailer with a severely infected wound. The driver warns her that they only have an hour to get to a doctor, or she will succumb to an unimaginably terrible fate. As the pain sets in and all reality starts to crumble, who should be afraid of whom? Arriving fresh from the Fantasia Film Festival, this feature debut delivers an hour of unmitigated panic that culminates in a completely unexpected third act.","<strong>Director</strong><br />Brock Bodell<br /><br /><strong>Writer</strong>&nbsp;<br />Brock Bodell&nbsp;<br /><br /><strong>Cinematographer</strong>&nbsp;<br />Andrew Duensing&nbsp;<br /><br /><strong>Editor</strong>&nbsp;<br />Brock Bodell&nbsp;<br /><br /><strong>With</strong>&nbsp;<br />Dakota Gorman, Todd Terry, Liz Atwater&nbsp;",Fiction,Panorama,,,Feature film,English,United States of America (the),https://sitgesfilmfestival.com/en/film/2025/hellcat
2243-film_session,2025-10-17T00:30:00,2025-10-17T02:15:00,105,Cinema Casino Prado,False,False,2025-10-17,13169-film,Man Finds Tape,Man Finds Tape,2025,86,Peter Hall and Paul Gandersman,"Artistic duo from Austin, their novel The Dead Friends Society (2022) was nominated for the Shirley Jackson Awards. Man Finds Tape is their debut feature film.","After receiving a mysterious phone call, documentary filmmaker Lynn Page returns to her Texas hometown of Larkin to investigate some disturbing footage of events that no one remembers. Her brother Lucas's controversial past, involving a viral web series called Man Finds Tape, leads Lynn to question whether or not she can trust him. A nightmarish found footage film arriving straight from Tribeca, which navigates between the worlds of The Blair Witch Project and Pulse.","<strong>Director</strong><br />Peter Hall, Paul Gandersman<br /><br /><strong>Writer</strong>&nbsp;<br />Peter Hall, Paul Gandersman&nbsp;<br /><br /><strong>Cinematographer</strong>&nbsp;<br />David Coone&nbsp;<br /><br /><strong>Editor</strong>&nbsp;<br />Tyler Mager, Paul Gandersman&nbsp;<br /><br /><strong>With</strong>&nbsp;<br />Kelsey Pribilski, William Magnuson, John Gholson&nbsp;",Fiction,Panorama,,,Feature film,English,United States of America (the),https://sitgesfilmfestival.com/en/film/2025/man-finds-tape
2358-film_session,2025-10-17T08:15:00,2025-10-17T10:06:00,111,Sala Tramuntana Meliá,False,False,2025-10-17,13215-film,Scarlet,Scarlet,2025,111,,,,,Live Action,Sitges Collection,,,Feature film,Japanese,Japan,https://sitgesfilmfestival.com/en/film/2025/scarlet
2305-film_session,2025-10-17T08:15:00,2025-10-17T10:09:00,114,Sala Auditori Meliá,False,False,2025-10-17,13058-film,Black Phone 2,Black Phone 2,2025,114,,,,,Fiction,Sitges Collection,,,Feature film,English,Canada,https://sitgesfilmfestival.com/en/film/2025/black-phone-2
2237-film_session,2025-10-17T08:15:00,2025-10-17T11:05:00,170,Cinema Casino Prado,False,False,2025-10-17,12182-film,Dracula (Radu Jude),Dracula,2025,170,Radu Jude,"One of the most prominent Romanian filmmakers of the 21st century. At this year's Berlinale, he won the Silver Bear for Best Screenplay for Kontinental '25.","The director of the highly acclaimed Do Not Expect Too Much from the End of the World returns with a surprising blend of stories, hailing from different times and places, about the Dracula myth. A reflection on a key figure in horror and, at the same time, on the expressive possibilities of cinematic language, the film presents this well-known vampire in stories that play with science fiction, romantic tragedy, and the most vulgar folklore.","<strong>Director</strong><br />Radu Jude<br /><br /><strong>Writer</strong><br />Radu Jude<br /><br /><strong>Cinematographer</strong>&nbsp;<br />Marius Panduru&nbsp;<br /><br /><strong>Editor</strong>&nbsp;<br />Cătălin Cristuțiu&nbsp;<br /><br /><strong>With</strong>&nbsp;<br />Adonis Tanța, Gabriel Spahiu, Oana Maria Zaharia&nbsp;<br /><br />&nbsp;",Fiction,Oficial Fantàstic Competició,,,Feature film,Romanian; English; German,Romania; Austria; Luxembourg,https://sitgesfilmfestival.com/en/film/2025/dracula-radu-jude
2274-film_session,2025-10-17T08:30:00,2025-10-17T09:47:00,77,Cinema Escorxador,False,False,2025-10-17,12160-film,Forte,Forte,2025,77,Kimbo Kim,Producer of successful projects premiering at festivals including Venice and New York. Forte is his directorial debut.,"Inexperienced composer Yeonji, who has just recently started working at the famous Forte Studio, gradually discovers the dark forces that are hidden inside this place. When she finally stops resisting them, and thanks to her fierce ambition, she will be able to unblock the true version of herself, engaging in a duel against her boss, who uses her as a ghostwriter. Premiering at SXSW in London, its cinematography and soundtrack are an absolute delight.","<p><strong>Director</strong></p><p><strong></strong>Kimbo Kim<br /><br /><strong>Writer</strong>&nbsp;<br />Heuisong Son, Jihwan Kim&nbsp;<br /><br /><strong>Cinematographer</strong>&nbsp;<br />Jeongmin Park&nbsp;<br /><br /><strong>Editor</strong>&nbsp;<br />Junghwan Lee&nbsp;<br /><br /><strong>With</strong>&nbsp;<br />Chaeyoung Leem, Jungeun Lee, Jaehong Kim&nbsp;</p>",Fiction,Noves Visions,,,Feature film,Korean,Korea (the Republic of),https://sitgesfilmfestival.com/en/film/2025/forte
2562-film_session,2025-10-17T10:15:00,2025-10-17T12:16:00,121,Cinema Escorxador,True,True,2025-10-17,13293-film,Tremors (4K),Tremors,1990,96,,,"In Perfection, a small town on the outskirts of the Nevada desert, there seems to be something going on underground. When the phone lines and roads are cut off, the inhabitants start to panic: everything seems to point to the fact that there's something alive and terrifying underneath the desert sands. A monster movie that revives the style of 1950s science fiction, with a creature that became one of the most iconic in film history.","<strong>Director</strong><br />Ron Underwood  <br /><strong>Writer</strong><br />S.S. Wilson, Brent Maddock  <br /><strong>Cinematography</strong><br />Alexander Gruszynski  <br /><strong>Editor</strong><br />O. Nicholas Brown  <br /><strong>With</strong><br />Kevin Bacon, Fred Ward, Finn Carter",Fiction,Retrospectiva,,,Feature film,English,United States of America (the),https://sitgesfilmfestival.com/en/film/2025/tremors-4k
2304-film_session,2025-10-17T10:30:00,2025-10-17T13:00:00,150,Sala Auditori Meliá,False,False,2025-10-17,13121-film,Frankenstein,Frankenstein,2025,150,Guillermo del Toro,,,,Fiction,Sitges Collection,,,Feature film,English,United States of America (the),https://sitgesfilmfestival.com/en/film/2025/frankenstein
2344-film_session,2025-10-17T10:30:00,2025-10-17T12:00:00,90,Sala Tramuntana Meliá,False,False,2025-10-17,12210-film,OBEX,OBEX,2025,90,Albert Birney,An independent filmmaker known for highly personal fantastic genre films such as Sylvio (2017) and Strawberry Mansion (2021).,"In 1987, Conor Marsh leads a lonely life along with his dog Sandy, until one day when he starts playing Obex, a cutting-edge computer game. When Sandy disappears, the line between reality and game becomes blurred, and Conor is forced to set out on a mission to save her. A film that uses elements from fantastique filmmaking to embark on a nostalgic adventure through time and space, immersing the audience in the innermost depths of a unique video game.","<strong>Director</strong> <br />Albert Birney  <br /><strong>Writer</strong> <br />Albert Birney, Pete Ohs  <br /><strong>Cinematography</strong> <br />Pete Ohs  <br /><strong>Editor</strong> <br />Albert Birney, Pete Ohs  <br /><strong>With</strong> <br />Albert Birney, Callie Hernandez, Frank Mosley",Fiction,Noves Visions,,,Feature film,English,United States of America (the),https://sitgesfilmfestival.com/en/film/2025/obex
2431-film_session,2025-10-17T11:30:00,2025-10-17T14:17:00,167,Cinema Casino Prado,True,True,2025-10-17,13062-film,Brazil,Brazil,1985,142,,,"A milestone in 1980s science fiction, this mind-bending dystopia turns forty this year, and what better way to celebrate it than with a visit from its director Terry Gilliam, who will be a special guest at the 58th edition of the Festival. A hard-hitting critique of totalitarian society, it uses surrealism and a combination of genres to recount for us the adventures of Sam, who escapes his monotonous existence through dreamlike fantasies where he meets the love of his life.","<strong>Director</strong><br />Terry Gilliam  <br /><strong>Writer</strong><br />Terry Gilliam, Tom Stoppard, Charles McKeown  <br /><strong>Cinematography</strong><br />Roger Pratt  <br /><strong>Editor</strong><br />Julian Doyle  <br /><strong>With</strong><br />Jonathan Pryce, Robert De Niro, Katherine Helmond",,Retrospectiva,,,Feature film,English,,https://sitgesfilmfestival.com/en/film/2025/brazil
2490-film_session,2025-10-17T12:30:00,2025-10-17T14:32:00,122,Sala Tramuntana Meliá,False,False,2025-10-17,13259-film,La sonrisa del mal (The Holy Boy),La valle dei sorrisi,2025,122,Paolo Strippoli,"With a degree in Film Directing from the Experimental Cinematography Center in Rome, he returns to the Festival after presentingFlowingin the Panorama Section in 2022.","When Sergio, a teacher tormented by his past, is transferred to Remis, known as the happiest village in Italy, it seems like the perfect place to make a fresh start. However, something strange is going on there: every week, the villagers meet up with Matteo, an introverted teenage boy whose embrace wards off pain and sorrow. In an attempt to save him from the community's madness, Sergio will unleash the dark side of this seemingly perfect small-town harmony.","<strong>Director</strong><br />Paolo Strippoli<br /><br /><strong>Writer</strong>&nbsp;<br />Paolo Strippoli, Milo Tissone, Jacopo Del Giudice&nbsp;<br /><br /><strong>Cinematographer</strong>&nbsp;<br />Cristiano Di Nicola&nbsp;<br /><br /><strong>Editor</strong>&nbsp;<br />Federico Palmerini&nbsp;<br /><br /><strong>With</strong>&nbsp;<br />Michele Riondino, Giulio Feltri, Romana Maggiora Vergano&nbsp;",Fiction,Noves Visions - Cloenda,,,Feature film,Italian,Italy; Slovenia,https://sitgesfilmfestival.com/en/film/2025/holy-boy
2456-film_session,2025-10-17T12:45:00,2025-10-17T14:34:00,109,Cinema Escorxador,True,False,2025-10-17,13100-film,El cazador de tiburones (The Shark Hunter),Il cacciatore di squali,0,97,Enzo G. Castellari,,"A tormented shark hunter from a Caribbean island gets involved in the search for 100 million dollars that are buried in the wreckage of a plane crash. Castellari's first foray into sharksplotation is an entertaining adventure of treasures and smuggling, where the underwater action with sharks is perfectly combined with a superb soundtrack by Guido and Maurizio De Angelis, not to mention the director's own appearance as a hired killer.","<strong>Director</strong><br />Enzo G. Castellari<br /><br /><strong>Writer</strong>&nbsp;<br />Alfredo Giannetti, Gisella Longo, Tito Carpi, Jaime Comas Gil, Jes&uacute;s R. Folgar&nbsp;<br /><br /><strong>Cinematographer</strong>&nbsp;<br />Ra&uacute;l P&eacute;rez Cubero&nbsp;<br /><br /><strong>Editor</strong>&nbsp;<br />Gianfranco Amicucci, Massimo Gasperini&nbsp;<br /><br /><strong>With</strong>&nbsp;<br />Franco Nero, Werner Pochath, Jorge Luke&nbsp;",,Sitges Clàssics,,,Feature film,English,,https://sitgesfilmfestival.com/en/film/2025/cazador-tiburones-shark-hunter
2201-film_session,2025-10-17T14:00:00,2025-10-17T15:27:00,87,Sala Llevant,False,False,2025-10-17,13281-film,Tintorera,Tintorera,1977,87,René Cardona Jr.,,"Two Mexican friends on vacation, who are also shark hunters, face the threat of a tiger shark that is viciously attacking swimmers.",<strong>Director</strong><br />Ren&eacute; Cardona Jr. ,,Brigadoon,,,Feature film,English,Mexico,https://sitgesfilmfestival.com/en/film/2025/tintorera
2492-film_session,2025-10-17T14:45:00,2025-10-17T16:46:00,121,Cinema Casino Prado,True,False,2025-10-17,13152-film,Labyrinth,Labyrinth,2025,116,,,,,Fiction,Anima't,,,Feature film,Japanese,Japan,https://sitgesfilmfestival.com/en/film/2025/labyrinth
2513-film_session,2025-10-17T15:00:00,2025-10-17T16:55:00,115,Sala Tramuntana Meliá,True,False,2025-10-17,13191-film,Odyssey,Odyssey,2025,110,Gerard Johnson,"British director and writer known for the award-winning filmsTony(2009),Hyena(2014), andMuscle(2019).","Natasha Flynn, a London real estate agent who&rsquo;s addicted to cocaine, conceals her crumbling and catastrophic life behind luxury and ostentation. When her moneylender makes her an offer to settle all her debts in exchange for a dangerous scheme, she finds herself swept into London's sordid underworld, leading to a bloody and chaotic confrontation. What starts out as a character drama, will soon turn into a dark thriller steeped in violence and bad blood.","<strong>Director</strong><br />Gerard Johnson  <br /><strong>Writer</strong><br />Austin Collings, Gerard Johnson  <br /><strong>Cinematography</strong><br />Korsshan Schlauer  <br /><strong>Editor</strong><br />Ian Davies  <br /><strong>With</strong><br />Polly Maberly, Guy Burnet, Mikael Persbrandt",Fiction,Òrbita,,,Feature film,English,United Kingdom of Great Britain and Northern Ireland (the),https://sitgesfilmfestival.com/en/film/2025/odyssey
2264-film_session,2025-10-17T15:00:00,2025-10-17T16:16:00,76,Cinema Escorxador,False,False,2025-10-17,13147-film,Kim Novak's Vertigo,Kim Novak's Vertigo,2025,76,,,,,Documentary,Sitges Documenta,,,Feature film,English,United States of America (the),https://sitgesfilmfestival.com/en/film/2025/kim-novaks-vertigo
2527-film_session,2025-10-17T15:15:00,2025-10-17T17:06:00,111,Sala Auditori Meliá,False,False,2025-10-17,13215-film,Scarlet,Scarlet,2025,111,,,,,Live Action,Sitges Collection,,,Feature film,Japanese,Japan,https://sitgesfilmfestival.com/en/film/2025/scarlet
2529-film_session,2025-10-17T16:00:00,2025-10-17T17:02:00,62,Sala Llevant,True,False,2025-10-17,12251-film,"Carlos Cardona, un ibicenco en Hollywood","Carlos Cardona, un ibicenco en Hollywood",2025,57,,,,,Documentary,Brigadoon,,,Feature film,Catalan,Spain,https://sitgesfilmfestival.com/en/film/2025/carlos-cardona-ibicenco-hollywood
2566-film_session,2025-10-17T16:45:00,2025-10-17T18:22:00,97,Cinema Escorxador,True,False,2025-10-17,12207-film,"Vera, un cuento cruel","Vera, un cuento cruel",1974,92,,,"Southern France, 19th century. Alfredo de Quiroga, a Spanish gentleman in exile, is unable to accept the idea that Vera, his wife, has died. He is so distraught that everything in the house continues to function as if she were still alive. In this fictional story, he receives the support and loyalty of his faithful butler. But one day, by chance, he meets the notary's daughter and his whole world begins to crumble. One of the first Spanish horror movies written and directed by a woman.","<strong>Director</strong><br />Josefina Molina  <br /><strong>Writer</strong> <br />Josefina Molina, Jos&eacute; S&aacute;mano  <br /><strong>Cinematography</strong> <br />Jos&eacute; Luis Alcaine  <br /><strong>Editor</strong> <br />Enrique Agull&oacute;  <br /><strong>With</strong> <br />Fernando Fern&aacute;n G&oacute;mez, Mel Humphreys, V&iacute;ctor Valverde",Fiction,Seven Chances,,,Feature film,Spanish,Spain,https://sitgesfilmfestival.com/en/film/2025/vera-cuento-cruel
2426-film_session,2025-10-17T17:00:00,2025-10-17T18:52:00,112,Cinema Casino Prado,True,False,2025-10-17,12192-film,Atolladero (4K),Atolladero (4K),1995,104,Óscar Aibar,,"The year is 2048. Atolladero, a town in Texas located in a desert landscape, is sinking into misery and boredom. Lennie, the sheriff's deputy, wants to leave, but to do so he needs permission from the real lord of the land: Judge Wedley. Thirty years after its original premiere in Sitges, the film returns to life thanks to a restoration by the Filmoteca de Catalunya (Catalan Film Library) where its blend of fatalistic western and science fiction shines brighter than ever.","<strong>Director</strong><br />&Oacute;scar Aibar  <br /><strong>Writer</strong><br />&Oacute;scar Aibar  <br /><strong>Cinematography</strong><br />Carles Gusi  <br /><strong>Editor</strong><br />Xavier Cabrera Mu&ntilde;oz, Anastasi Rinos  <br /><strong>With</strong><br />Pere Ponce, Iggy Pop, Joaqu&iacute;n Hinojosa",Fiction,Catalunya Imaginària,,,Feature film,Spanish,Spain,https://sitgesfilmfestival.com/en/film/2025/atolladero-4k
2387-film_session,2025-10-17T17:15:00,2025-10-17T18:58:00,103,Sala Tramuntana Meliá,False,False,2025-10-17,13433-film,Night Patrol,Night Patrol,2025,103,,,,,Fiction,Sitges Collection,,,,English,United Kingdom of Great Britain and Northern Ireland (the),https://sitgesfilmfestival.com/en/film/2025/night-patrol
2530-film_session,2025-10-17T17:30:00,2025-10-17T21:28:00,238,Sala Llevant,True,False,2025-10-17,13173-film,Masters of the Grind,Masters of the Grind,2025,233,,,The shocking true story behind the most outrageous films of all time and the directors who created them. No money. No permits. No problems.,<strong>Director</strong><br />Jason Rutherford&nbsp;,Documentary,Brigadoon,,,Feature film,English,United States of America (the),https://sitgesfilmfestival.com/en/film/2025/masters-grind
2433-film_session,2025-10-17T17:30:00,2025-10-17T19:30:00,120,Sala Auditori Meliá,True,False,2025-10-17,13069-film,Chien 51,Chien 51,0,100,Cédric Jimenez,,,,,Oficial Fantàstic Competició,,,Feature film,French,,https://sitgesfilmfestival.com/en/film/2025/chien-51
2567-film_session,2025-10-17T18:45:00,2025-10-17T20:45:00,120,Cinema Escorxador,True,True,2025-10-17,12228-film,Viernes 13,Friday the 13th,1980,95,,,"A group of young people and counselors spend their summer vacation at the Crystal Lake Summer Camp, recently reopened and where a few years earlier, a young man drowned to death in the lake. Before long, some of them will start to be brutally murdered. Sitges celebrates the 45th anniversary of one of the most important slasher movies in history, with a restored print and the attendance of its director, Sean S. Cunningham.","<strong>Director</strong><br />Sean S. Cunningham&nbsp;<br /><br /><strong>Writer</strong>&nbsp;<br />Victor Milner&nbsp;<br /><br /><strong>Cinematograph</strong> &nbsp;<br />Barry Abrams&nbsp;<br /><br /><strong>Editor</strong>&nbsp;<br />Bill Freda&nbsp;<br /><br /><strong>With</strong>&nbsp;<br />Adrienne King, Harry Crosby, Betsy Palmer.&nbsp;",Fiction,Sitges Clàssics,,,Feature film,English,United States of America (the),https://sitgesfilmfestival.com/en/film/2025/viernes-13
2573-film_session,2025-10-17T18:45:00,2025-10-17T20:08:00,83,Mercat Vell,False,False,2025-10-17,13546-film,L’ ultimo Squalo,L’ ultimo Squalo,1981,83,Enzo G. Castellari,,"An important windsurfing competition is being held in the seaside town of Port Harbor (USA). However, its unsuspecting participants are unaware that a fearsome great white shark, hungry for human flesh, has appeared in the area.<br />",,,Sitges Family - Teens,,,Feature film,Spanish,Italy,https://sitgesfilmfestival.com/en/film/2025/ultimo-squalo
2384-film_session,2025-10-17T19:15:00,2025-10-17T21:00:00,105,Sala Tramuntana Meliá,False,False,2025-10-17,13237-film,Taroman Expo Explosion,Taroman Banpaku Daibakuhatsu,2025,105,,,,,Fiction,Panorama,,,Feature film,Japanese,Japan,https://sitgesfilmfestival.com/en/film/2025/taroman-expo-explosion
2248-film_session,2025-10-17T19:30:00,2025-10-17T21:01:00,91,Cinema Casino Prado,False,False,2025-10-17,13134-film,Hellcat,Hellcat,2025,91,,,"Lena wakes up in a moving camper trailer with a severely infected wound. The driver warns her that they only have an hour to get to a doctor, or she will succumb to an unimaginably terrible fate. As the pain sets in and all reality starts to crumble, who should be afraid of whom? Arriving fresh from the Fantasia Film Festival, this feature debut delivers an hour of unmitigated panic that culminates in a completely unexpected third act.","<strong>Director</strong><br />Brock Bodell<br /><br /><strong>Writer</strong>&nbsp;<br />Brock Bodell&nbsp;<br /><br /><strong>Cinematographer</strong>&nbsp;<br />Andrew Duensing&nbsp;<br /><br /><strong>Editor</strong>&nbsp;<br />Brock Bodell&nbsp;<br /><br /><strong>With</strong>&nbsp;<br />Dakota Gorman, Todd Terry, Liz Atwater&nbsp;",Fiction,Panorama,,,Feature film,English,United States of America (the),https://sitgesfilmfestival.com/en/film/2025/hellcat
2429-film_session,2025-10-17T19:45:00,2025-10-17T21:59:00,134,Sala Auditori Meliá,True,False,2025-10-17,13058-film,Black Phone 2,Black Phone 2,2025,114,,,,,Fiction,Sitges Collection,,,Feature film,English,Canada,https://sitgesfilmfestival.com/en/film/2025/black-phone-2
2162-film_session,2025-10-17T21:00:00,2025-10-17T22:30:00,90,Cinema Escorxador,False,False,2025-10-17,12152-film,Strange Journey: The Story of Rocky Horror,Strange Journey: The Story of Rocky Horror,2025,90,Linus O'Brien,"A multidisciplinary creator, he is the founder of PANIC, underground techno sessions in Los Angeles featuring famous DJs like Bushwacka! and Mr. C.","From its humble beginnings as an underground theatrical production in London to its meteoric rise as the most important cult film of all time, this is the definitive story of The Rocky Horror Show. Featuring interviews with its creator, Richard O'Brien, as well as other important personalities including Tim Curry, Susan Sarandon, and Lou Adler, this documentary explores, in an exemplary style, the keys as to why both the theatrical production and the film are so unique.","<strong>Director</strong><br />Linus O'Brien<br /><br /><strong>Writer</strong><br />Avner Shiloah&nbsp;<br /><br /><strong>Cinematograph</strong>&nbsp;<br />Warren Kommers&nbsp;<br /><br /><strong>Editor</strong>&nbsp;<br />Avner Shiloah&nbsp;<br /><br /><strong>With</strong>&nbsp;<br />Richard O'Brien, Tim Curry, Jim Sharman&nbsp;",Documentary,Sitges Documenta,,,Feature film,English,United States of America (the),https://sitgesfilmfestival.com/en/film/2025/strange-journey-story-rocky-horror
2546-film_session,2025-10-17T21:15:00,2025-10-17T22:55:00,100,Cinema Casino Prado,True,False,2025-10-17,12170-film,The Curse,ザ・カース,2025,95,,,"Riko leads a quiet life with her roommate. But one day, while browsing a social network similar to Instagram, she discovers several strange and cryptic videos posted by a Taiwanese friend of hers. Around the same time, a disfigured corpse appears in Taiwan. Riko discovers that Shufen died six months earlier, but her social media accounts are still being updated. A superb reformulation of J-Horror by one of the rising stars in Japanese fantastic filmmaking.","<strong>Director</strong><br />Kenichi Ugana<br /><br /><strong>Writer</strong><br />Kenichi Ugana&nbsp;<br /><br /><strong>Cinematographer</strong>&nbsp;<br />Moritada Iju&nbsp;<br /><br /><strong>Editor</strong>&nbsp;<br />Osamu Suzuki&nbsp;<br /><br /><strong>With</strong>&nbsp;<br />Yukino Kaizu, Yu, Jui-Chun Fan&nbsp;",Fiction,Panorama,,,Feature film,Japanese; Taiwanese,Japan,https://sitgesfilmfestival.com/en/film/2025/curse
2502-film_session,2025-10-17T21:15:00,2025-10-17T22:50:00,95,Sala Tramuntana Meliá,True,False,2025-10-17,13170-film,Marama,Marama,2025,90,Taratoa Stappard,"Director and screenwriter born in Aotearoa, New Zealand, to a Māori mother and an English father.Maramais his debut feature film.","When Mary Stevens, a young Māori teacher from Aotearoa, travels from New Zealand to a county in England back in 1859, she discovers her terrible colonial heritage and is forced to confront the people who did away with her family. And she'll do it in a fierce struggle to reclaim her identity and indigenous culture, one which will gradually turn into bloody and grotesque revenge. Victorian horror in opposition to imperialism.","<strong>Director</strong><br />Taratoa Stappard  <br /><strong>Writer</strong><br />Taratoa Stappard  <br /><strong>Cinematography</strong><br />Gin Loane  <br /><strong>Editor</strong><br />Dan Kircher  <br /><strong>With</strong><br />Toby Stephens, Ariana Osborne, Umi Myers",Fiction,Panorama,,,Feature film,English; Maori,New Zealand,https://sitgesfilmfestival.com/en/film/2025/marama
2323-film_session,2025-10-17T22:00:00,2025-10-17T23:42:00,102,Sala Llevant,False,False,2025-10-17,13159-film,Lobos de Arga,Lobos de Arga,2011,102,,,"In 1910, in a small village in Galicia, a terrible curse falls upon the Marchioness of Mari&ntilde;o and her son, who turns into a werewolf. One hundred years later, Tom&aacute;s, her last male descendant, returns to the village convinced that they are going to name him the town's adopted son, but in fact the residents have something else in mind.",<strong>Director</strong><br />Juan Mart&iacute;nez Moreno ,,Brigadoon,,,Feature film,Spanish,Spain,https://sitgesfilmfestival.com/en/film/2025/lobos-arga
2570-film_session,2025-10-17T22:15:00,2025-10-18T01:00:00,165,Sala Auditori Meliá,False,False,2025-10-17,13121-film,Frankenstein,Frankenstein,2025,150,Guillermo del Toro,,,,Fiction,Sitges Collection,,,Feature film,English,United States of America (the),https://sitgesfilmfestival.com/en/film/2025/frankenstein
2268-film_session,2025-10-17T22:45:00,2025-10-18T00:02:00,77,Cinema Escorxador,False,False,2025-10-17,12160-film,Forte,Forte,2025,77,Kimbo Kim,Producer of successful projects premiering at festivals including Venice and New York. Forte is his directorial debut.,"Inexperienced composer Yeonji, who has just recently started working at the famous Forte Studio, gradually discovers the dark forces that are hidden inside this place. When she finally stops resisting them, and thanks to her fierce ambition, she will be able to unblock the true version of herself, engaging in a duel against her boss, who uses her as a ghostwriter. Premiering at SXSW in London, its cinematography and soundtrack are an absolute delight.","<p><strong>Director</strong></p><p><strong></strong>Kimbo Kim<br /><br /><strong>Writer</strong>&nbsp;<br />Heuisong Son, Jihwan Kim&nbsp;<br /><br /><strong>Cinematographer</strong>&nbsp;<br />Jeongmin Park&nbsp;<br /><br /><strong>Editor</strong>&nbsp;<br />Junghwan Lee&nbsp;<br /><br /><strong>With</strong>&nbsp;<br />Chaeyoung Leem, Jungeun Lee, Jaehong Kim&nbsp;</p>",Fiction,Noves Visions,,,Feature film,Korean,Korea (the Republic of),https://sitgesfilmfestival.com/en/film/2025/forte
2545-film_session,2025-10-17T23:15:00,2025-10-18T00:55:00,100,Sala Tramuntana Meliá,True,False,2025-10-17,12170-film,The Curse,ザ・カース,2025,95,,,"Riko leads a quiet life with her roommate. But one day, while browsing a social network similar to Instagram, she discovers several strange and cryptic videos posted by a Taiwanese friend of hers. Around the same time, a disfigured corpse appears in Taiwan. Riko discovers that Shufen died six months earlier, but her social media accounts are still being updated. A superb reformulation of J-Horror by one of the rising stars in Japanese fantastic filmmaking.","<strong>Director</strong><br />Kenichi Ugana<br /><br /><strong>Writer</strong><br />Kenichi Ugana&nbsp;<br /><br /><strong>Cinematographer</strong>&nbsp;<br />Moritada Iju&nbsp;<br /><br /><strong>Editor</strong>&nbsp;<br />Osamu Suzuki&nbsp;<br /><br /><strong>With</strong>&nbsp;<br />Yukino Kaizu, Yu, Jui-Chun Fan&nbsp;",Fiction,Panorama,,,Feature film,Japanese; Taiwanese,Japan,https://sitgesfilmfestival.com/en/film/2025/curse
2240-film_session,2025-10-17T23:15:00,2025-10-18T00:46:00,91,Cinema Casino Prado,False,False,2025-10-17,13118-film,Find Your Friends,Find Your Friends,2024,91,Izabel Pakzad,"Iranian-Greek-American actress and filmmaker. Her first feature film, Find Your Friends, has been screened at the Fantasia Festival and the Fantastic Fest in Austin.","What starts off as an unbridled girls' trip turns into a dangerous adventure when the protagonists are confronted with major hostility from the locals. As tensions begin to escalate, Amber's friends will gradually grow tired of the toxic group dynamics. With its highly cinematic desert setting, this high-powered debut feature delivers a sinister twist on party culture that culminates in a hard-hitting finale you won't easily be able to get out of your head.","<strong>Director</strong><br />Izabel Pakzad<br /><br /><strong>Writer</strong>&nbsp;<br />Izabel Pakzad&nbsp;<br /><br /><strong>Cinematographer</strong>&nbsp;<br />Tim Curtin&nbsp;<br /><br /><strong>Editor</strong>&nbsp;<br />Maxime Pozzi-Garcia&nbsp;<br /><br /><strong>With</strong>&nbsp;<br />Helena Howard, Bella Thorne, Chloe Cherry&nbsp;",Fiction,Òrbita,,,Feature film,English,United States of America (the),https://sitgesfilmfestival.com/en/film/2025/find-your-friends
2253-film_session,2025-10-18T00:30:00,2025-10-18T02:07:00,97,Cinema Escorxador,False,False,2025-10-18,13183-film,Nightmare Bugs,Shinreichu,2025,97,Saku Sakamoto,"Fukutani is a horror video game creator and Sakamoto is an animation artist. Together, they have worked on Aragne: Sign of Vermillion (2018) and The Feast of Amrita (2023).",College student Rin and high school student Tamahi investigate the hidden secrets of an old apartment building where psychic phenomena and strange deaths allegedly occur. Straight from Annecy and the Fantasy Filmfest comes this supernatural thriller with indie aesthetics that could be the infernal version of Alice in Wonderland: a surreal nightmare brimming with unsettling creatures and featuring a style that is in constant transformation.,"<strong>Director</strong><br />Osamu Fukutani, Saku Sakamoto<br /><br /><strong>Writer</strong>&nbsp;<br />Saku Sakamoto&nbsp;<br /><br /><strong>Cinematographer</strong>&nbsp;<br />Saku Sakamoto&nbsp;<br /><br /><strong>Editor</strong>&nbsp;<br />Osamu Fukutani, Saku Sakamoto&nbsp;<br /><br /><strong>With</strong>&nbsp;<br />Kana Hanazawa, Maaya Uchida, Ayana Shiramoto&nbsp;",Fiction,Anima't,,,Feature film,Japanese,Japan,https://sitgesfilmfestival.com/en/film/2025/nightmare-bugs
2166-film_session,2025-10-18T01:15:00,2025-10-18T06:26:00,311,Cinema Casino Prado,False,False,2025-10-18,12158-film,The Book of Sijjin and Illiyyin,Kitab Sijjin Dan Illiyyin,2025,99,Hadrah Daeng Ratu,"With a degree in Film and Television Studies, she embarked on her career withSabotase(2009), an award-winning short film at the Indonesian Film Festival.","When she was a little girl, Yuli witnessed the death of her parents at the hands of an evil force. From that moment on, the girl, branded as cursed and unwanted, grew up in the home of Ambar, her late father's other wife, and her daughter Laras, where she was constantly humiliated. Driven by revenge, Yuli performs a ritual that ends up destroying everything around her. Second part of the Indonesian remake of the successful first installment of the Turkish horror saga Sijjin.","<strong>Director</strong><br />Hadrah Daeng Ratu<br /><br /><strong>Writer</strong>&nbsp;<br />Lele Laila&nbsp;<br /><br /><strong>Cinematographer</strong>&nbsp;<br />Hani Pradigya, I.C.S&nbsp;<br /><br /><strong>Editor</strong>&nbsp;<br />Wawan I. Wibowo&nbsp;<br /><br /><strong>With</strong>&nbsp;<br />Yunita Siregar, Dinda Kanyadewi, Kawai Labiba&nbsp;<br /><br />&nbsp;&nbsp;<br />",Fiction,Midnight X-Treme,,,Feature film,Indonesian,Indonesia,https://sitgesfilmfestival.com/en/film/2025/book-sijjin-and-illiyyin
2166-film_session,2025-10-18T01:15:00,2025-10-18T06:26:00,311,Cinema Casino Prado,False,False,2025-10-18,13298-film,Ut Lan the Guardian Demon,Út Lan: Oán Linh Giữ Của,2025,112,Dan Trong Tran,"Vietnamese producer, director, and screenwriter. His action filmBad Blood(2023) was selected for the Sitges Film Festival.","In the past, the head of the Ma clan performed a ritual to summon a guardian demon to protect his hidden treasures, with his young children in mind. Years later, Lan, who has just lost her father, arrives at the estate looking for work as a maid. There, she will meet Dahn, who is the current master, and following several disturbing phenomena and a series of mysterious deaths, the young woman will become the key to uncovering the secrets hidden in these lands.","<strong>Director</strong><br />Dan Trong Tran&nbsp;<br /><br /><strong>Writer</strong>&nbsp;<br />Dan Trong Tran&nbsp;<br /><br /><strong>Cinematographer</strong>&nbsp;<br />Morgan Schmidt&nbsp;<br /><br /><strong>Editor</strong>&nbsp;<br />Nguyen Cong Danh&nbsp;<br /><br /><strong>With</strong>&nbsp;<br />Mac Van Khoa, Mai Cat Vi, Phuong Thanh&nbsp;",Fiction,Midnight X-Treme,,,Feature film,Vietnamese,Viet Nam,https://sitgesfilmfestival.com/en/film/2025/ut-lan-guardian-demon
2166-film_session,2025-10-18T01:15:00,2025-10-18T06:26:00,311,Cinema Casino Prado,False,False,2025-10-18,13129-film,Halabala,Halabala Pa-Chit-Lood,2025,100,Eakasit Thairaat,"With versatility as his strong point, this Thai artist has contributed to his country's creative scene as a director, screenwriter, and illustrator.","A dirty cop is given one last opportunity to redeem himself: hunting down a deranged gang leader who has escaped from prison and fled deep into Halabala, a forbidden jungle. In the shadows of this deadly forest, rumors still linger regarding the existence of an ancient tribe of cannibals that some believe to be extinct, while others claim they never disappeared entirely... a secret that will come back to haunt the team of policemen.","<p><strong>Director</strong><br />Eakasit Thairaat<br /><br /><strong>Writer</strong><br />Eakasit Thairaat&nbsp;<br /><br /><strong>Cinematographer</strong><br />Phaklao Jiraungkoonkun&nbsp;<br /></p><p><strong>Editor</strong></p><p>Manussa Vorasingha, Aekkarin Thungrach&nbsp;<br /><br /><strong>With</strong>&nbsp;<br />Chantavit Dhanasevi, Nuttanicha Dungwattanawanich, Anon Saisangchan&nbsp;</p>&nbsp;&nbsp;&nbsp;",Fiction,Panorama,,,Feature film,Thai,Thailand,https://sitgesfilmfestival.com/en/film/2025/halabala
2488-film_session,2025-10-18T01:15:00,2025-10-18T06:50:00,335,Sala Auditori Meliá,True,False,2025-10-18,12217-film,Deathstalker,Deathstalker,2025,103,Steven Kostanski,"An undeniable figure in Canadian low-budget filmmaking and a wizard of FX makeup, known for movies including The Void (2016) and Psycho Goreman (2020).","The Kingdom of Abraxeon is under siege from the Dreadites, followers of the sorcerer Nekromemnon. When the warrior known as Deathstalker recovers an enchanted amulet from a corpse-ridden battlefield, he ends up being cursed by its dark magic and hunted by a monstrous clan of assassins. Steven Kostanski (The Void, Frankie Freako) brings us this eagerly awaited remake of a B-movie classic produced by Roger Corman and full of traditional FX.","<strong>Director</strong><br />Steven Kostanski&nbsp;<br /><br /><strong>Writer</strong>&nbsp;<br />Steven Kostanski&nbsp;<br /><br /><strong>Cinematograph</strong>&nbsp;<br />Andrew Appelle&nbsp;<br /><br /><strong>Editor</strong>&nbsp;<br />Robert Hyland&nbsp;<br /><br /><strong>With</strong>&nbsp;<br />Daniel Bernhardt, Christina Orjalo, Patton Oswalt&nbsp;",Fiction,Midnight X-Treme,,,Feature film,English,Canada,https://sitgesfilmfestival.com/en/film/2025/deathstalker
2488-film_session,2025-10-18T01:15:00,2025-10-18T06:50:00,335,Sala Auditori Meliá,True,False,2025-10-18,13244-film,The Creeps,The Creeps,0,96,,,,,,Midnight X-Treme,,,Feature film,English,,https://sitgesfilmfestival.com/en/film/2025/creeps
2488-film_session,2025-10-18T01:15:00,2025-10-18T06:50:00,335,Sala Auditori Meliá,True,False,2025-10-18,13089-film,Deathgasm II: Goremageddon,Deathgasm II: Goremageddon,2025,117,,,,,Fiction,Midnight X-Treme,,,Feature film,English,Canada; New Zealand,https://sitgesfilmfestival.com/en/film/2025/deathgasm-ii-goremageddon
2207-film_session,2025-10-18T01:15:00,2025-10-18T05:46:00,271,Sala Tramuntana Meliá,False,False,2025-10-18,12144-film,Hold The Fort,Hold The Fort,2025,76,William Bagley,"Award-winning writer and director, whose feature debut, The Murder Podcast, was presented at international festivals such as Nashville, Atlanta, and Rome.","Lucas and Jenny have just bought a house. But what they don't know is that their new home comes with a major drawback: a problematic homeowners' association that, along with an avalanche of monsters from hell, will plunge them into an intense fight for survival. Premiering at the Fantasia festival, this terrifying comedy, chock -full of action and adventures about the fears of becoming a homeowner, evokes the ultimate B-movie madness.","<strong>Director</strong><br />William Bagley<br /><br /><strong>Writer</strong><br />William Bagley&nbsp;<br /><br /><strong>Cinematographer</strong>&nbsp;<br />Alex Allgood&nbsp;<br /><br /><strong>Editor</strong>&nbsp;<br />William Bagley&nbsp;<br /><br /><strong>With</strong>&nbsp;<br />Chris Mayers, Haley Leary, Julian Smith&nbsp;",Fiction,Midnight X-Treme,,,Feature film,English,United States of America (the),https://sitgesfilmfestival.com/en/film/2025/hold-fort
2207-film_session,2025-10-18T01:15:00,2025-10-18T05:46:00,271,Sala Tramuntana Meliá,False,False,2025-10-18,12176-film,Touch Me,Touch Me,2025,99,Addison Heimann,"Queer filmmaker who has made short films, feature films, and web series with the aim of introducing more LGTBIQ+ characters into genre films.","Two codependent best friends become addicted to the touch of an alien narcissist they meet by chance. This will be the start of a journey into past traumas and carnal desires, but also a battle for the attention of a being who has the power to wash away both anxiety and worries. A horror and science fiction comedy that, very much like the protagonist's tentacles, captures viewers with the originality of its premise.","<strong>Director</strong><br />Addison Heimann  <br /><strong>Writer</strong><br />Addison Heimann  <br /><strong>Cinematrography</strong><br />Dustin Supencheck  <br /><strong>Editor</strong><br />Jess Weber  <br /><strong>With</strong><br />Olivia Taylor Dudley, Lou Taylor Pucci, Jordan Gavaris",Fiction,Midnight X-Treme,,,Feature film,English,United States of America (the),https://sitgesfilmfestival.com/en/film/2025/touch-me
2207-film_session,2025-10-18T01:15:00,2025-10-18T05:46:00,271,Sala Tramuntana Meliá,False,False,2025-10-18,13163-film,Love Kills,Love Kills,2025,96,Luiza Shelling,Brazilian filmmaker who has worked with a number of directors on a dozen productions. Love Kills is her debut solo feature film.,"In downtown S&atilde;o Paulo, absolutely ravaged by crack cocaine, Helena, a young black vampire, wanders around a filthy caf&eacute; trying to captivate Marcos, a naive waiter. As she begins to discover his secrets and the ins and outs of the metropolis, the girl will go on to venture into a dangerous world of immortal intrigues that will challenge her own mortality. A journey towards trauma, exclusion, and the struggle of identities as reflected by vampirism.","<strong>Director</strong><br />Luiza Shelling Tubaldini&nbsp;<br /><br /><strong>Writer</strong>&nbsp;<br />Luiza Shelling Tubaldini&nbsp;<br /><br /><strong>Cinematographer</strong>&nbsp;<br />Jacob Solitrenick&nbsp;<br /><br /><strong>Editor</strong>&nbsp;<br />Danilo Lemos, Larissa Armstrong, Chris Tex&nbsp;<br /><br /><strong>With</strong>&nbsp;<br />Thais Lago, Gabriel Stauffer, Erom Cordeiro",Fiction,Panorama,,,Feature film,Portuguese,Brazil,https://sitgesfilmfestival.com/en/film/2025/love-kills
2361-film_session,2025-10-18T08:15:00,2025-10-18T09:44:00,89,Sala Tramuntana Meliá,False,False,2025-10-18,13043-film,Abraham's Boys: A Dracula Story,Abraham's Boys: A Dracula Story,2025,89,Natasha Kermani,"Writer and film and television director, she’s a co-founder of Illium Pictures. Her films Lucky (2020) and V/H/S/85 (2023) were both screened at the Sitges Film Festival.","Max and Rudy Van Helsing have spent their lives under the strict control of their father, Abraham. Unaware of his dark past, they struggle to understand his erratic and increasingly paranoid behavior. When they begin to discover the violent realities of the history that exists between their father and Dracula, their world comes crashing down, forcing them to come to grips with a terrifying legacy. A coming-of-age story that reimagines the Dracula myth with surprising originality and impeccable expertise.","<strong>Director</strong><br />Natasha Kermani<br /><br /><strong>Writer</strong>&nbsp;<br />Natasha Kermani, Joe Hill&nbsp;<br /><br /><strong>Cinematographer</strong><br />Julia Swain&nbsp;<br /><br /><strong>Editor</strong>&nbsp;<br />Gabriel de Urioste&nbsp;<br /><br /><strong>With</strong>&nbsp;<br />Titus Welliver, Brady Hepner, Judah Mackey&nbsp;",Fiction,Panorama,,,Feature film,English,United Kingdom of Great Britain and Northern Ireland (the); United States of America (the),https://sitgesfilmfestival.com/en/film/2025/abrahams-boys
2160-film_session,2025-10-18T08:15:00,2025-10-18T09:37:00,82,Cinema Casino Prado,False,False,2025-10-18,13182-film,New Group,New Group,2025,82,Yuta Shimotsu,Japanese filmmaker with a background in the world of short films and advertising. New Group is his second feature film as director and screenwriter.,"High school student Ai, the new girl at school, starts to observe different, bizarre behaviors among all of her classmates. Little by little, both students and teachers will become a cult with no will of their own, a cult that transforms their gym routines into a terrifying dance of death. The director of Best Wishes to All returns to the Festival with one of the best apocryphal adaptations of Junji Ito's unsettling manga stories.","<p><strong>Director</strong></p><p><strong></strong>Yuta Shimotsu<br /><br /><strong>Writer</strong>&nbsp;<br />Yuta Shimotsu, Momoko Sahara&nbsp;<br /><br /><strong>Cinematographer</strong>&nbsp;<br />Tetsu Nishioka&nbsp;<br /><br /><strong>Editor</strong>&nbsp;<br />Yuta Shimotsu&nbsp;<br /><br /><strong>With</strong>&nbsp;<br />Anna Yamada&nbsp;</p>",Fiction,Oficial Fantàstic Competició,,,Feature film,Japanese,Japan,https://sitgesfilmfestival.com/en/film/2025/new-group
2276-film_session,2025-10-18T08:15:00,2025-10-18T10:07:00,112,Cinema Escorxador,False,False,2025-10-18,12221-film,Another World,世外,2025,112,Tommy Kai Chung Ng,Director of the animated short films Another World (2019) and Everywhere (2022) as well as commercials for brands such as Nike Air Max.,"After death, the souls of the deceased pass through a fantastic realm called the Another World with the help of Gudo, a spirit guide who leads them to their reincarnation. When the guide meets Yuri, he discovers human emotions he was unaware of and will end up risking everything to prevent the young woman, consumed by rage, from becoming a monster. A narratively surprising piece that stood out at the most recent edition of the Annecy Film Festival.","<strong>Director</strong> <br />Tommy NG Kai Chung  <br /><strong>Writer</strong> <br />Polly Yeung  <br /><strong>Editor</strong> <br />Tommy NG Kai Chung, Wong Fei Pang  <br /><strong>With</strong> <br />Chung Suet Yin, Choi Hiu Tung, Louis Cheung",Fiction,Anima't,,,Feature film,Cantonese,Hong Kong; Taiwan; Philippines (the),https://sitgesfilmfestival.com/en/film/2025/another-world
2303-film_session,2025-10-18T08:45:00,2025-10-18T10:33:00,108,Sala Auditori Meliá,False,False,2025-10-18,13507-film,La larga marcha,La larga marcha,0,108,,,,,,Cloenda,,,Feature film,English,,https://sitgesfilmfestival.com/en/film/2025/larga-marcha
2159-film_session,2025-10-18T10:00:00,2025-10-18T11:41:00,101,Cinema Casino Prado,False,False,2025-10-18,13115-film,Eye for an Eye,Eye for an Eye,2024,101,Colin Tilley,"With a background in the music world, where he has made music videos for Justin Bieber, Nicki Minaj, and Kendrick Lamar, he makes his feature film debut with Eye for an Eye.","Anna is mourning the sudden death of her parents and decides to move from New York to a small town in Florida to live with her grandmother. Isolated and in unfamiliar surroundings, she joins a group of troubled teens. When she witnesses an unforgivable act of violence, she finds herself trapped by Mr. Sandman, the twisted soul of a boy who haunts abusers in their dreams to devour their eyes when they wake up.","<strong>Director</strong><br />Colin Tilley<br /><br /><strong>Writer</strong>&nbsp;<br />Elisa Victoria, Michael Tully&nbsp;<br /><br /><strong>Cinematographer</strong>&nbsp;<br />Robert Leitzell&nbsp;<br /><br /><strong>Editor</strong>&nbsp;<br />James Vandewater&nbsp;<br /><br /><strong>With</strong>&nbsp;<br />Whitney Peak, S. Epatha Merkerson, Golda Rosheuvel&nbsp;",Fiction,Oficial Fantàstic Competició,,,Feature film,English,United States of America (the),https://sitgesfilmfestival.com/en/film/2025/eye-eye
2388-film_session,2025-10-18T10:15:00,2025-10-18T11:56:00,101,Sala Tramuntana Meliá,False,False,2025-10-18,13102-film,The Whisper,El susurro,2025,101,Gustavo Hernández,"Uruguayan director who debuted with The Silent House (2010), premiering in Sitges. His hit film You Shall Not Sleep (2018) was screened at the Tribeca and Malaga film festivals.","Fleeing from their violent father, Luc&iacute;a and Adri&aacute;n take refuge in a remote mansion. With the help of a micro-camera hidden in a cat, Luc&iacute;a discovers a terrifying secret: their neighbors are part of a criminal network that kidnaps teenagers to make snuff films, and they are intent on getting rid of the two siblings. As Luc&iacute;a struggles to protect her brother, she will have to confront a dark family curse that has followed them to their new refuge.","<strong>Director</strong><br />Gustavo Hern&aacute;ndez Ib&aacute;&ntilde;ez<br /><br /><strong>Writer</strong>&nbsp;<br />Juma Fodde Roma&nbsp;<br /><br /><strong>Cinematographer</strong>&nbsp;<br />Santiago Guzm&aacute;n&nbsp;<br /><br /><strong>Editor</strong>&nbsp;<br />Santiago Paiz&nbsp;<br /><br /><strong>With</strong>&nbsp;<br />Ana Clara Guanco, Marcelo Michinaux, Luciano C&aacute;ceres&nbsp;",Fiction,Oficial Fantàstic Competició,,,Feature film,Spanish,Argentina; Uruguay,https://sitgesfilmfestival.com/en/film/2025/susurro
2316-film_session,2025-10-18T11:00:00,2025-10-18T12:11:00,71,Sala Auditori Meliá,False,False,2025-10-18,13053-film,Angel's Egg (4K),Tenshi no Tamago,1985,71,Mamoru Oshii,,"In an underwater city, a little girl takes care of a large egg that she holds in her arms, a treasure which seems to have come from an angel. One day, a boy appears with a strange device on his shoulder, searching for a bird he saw in his dreams. At first, a certain rapport develops between them, until one night, the boy crushes the egg. The 4K restoration of one of the early works by the director of Ghost in the Shell.","<strong>Director</strong><br />Mamoru Oshii<br /><br /><strong>Writer</strong>&nbsp;<br />Mamoru Oshii, Yoshitaka Amano&nbsp;<br /><br /><strong>Cinematographer</strong>&nbsp;<br />Juro Sugimura&nbsp;<br /><br /><strong>Editor</strong>&nbsp;<br />Seiji Morita&nbsp;<br /><br /><strong>With</strong>&nbsp;<br />Mako Hyodo, Jinpachi Nezu, Keiichi Noda&nbsp;",Fiction,Anima't - Sessió Especial; Anima't - Sitges Clàssics,,,Feature film,Japanese,Japan,https://sitgesfilmfestival.com/en/film/2025/angels-egg-4k
2289-film_session,2025-10-18T11:30:00,2025-10-18T12:59:00,89,Mercat Vell,False,False,2025-10-18,13505-film,Hanna and the Forgotten Christmas,Hanna i els Nadals oblidats,2025,89,,,,,Fiction,Sitges Family - Kids,,,Feature film,Catalan,Spain; Uruguay,https://sitgesfilmfestival.com/en/film/2025/hanna-nadals-oblidats
2328-film_session,2025-10-18T12:00:00,2025-10-18T12:52:00,52,Sala Llevant,False,False,2025-10-18,12254-film,Dr Lazarus,Dr Lazarus,1992,52,,,"Dr. Lazarus, a failed immortal, decides to return to Buenos Aires 130 years after his birth. Thanks to a rejuvenation clinic, he manages to reunite the descendants of the Lodge that condemned him to his tortured immortality, but he warns them that in order to complete the formula, in addition to their blood and sperm, he will have to unleash the yellow plague on the city.","<strong>Director</strong><br />Alejandro Jablonskis, Pedro Loeb ",,Brigadoon,,,Feature film,Spanish,Argentina,https://sitgesfilmfestival.com/en/film/2025/dr-lazarus
2556-film_session,2025-10-18T12:00:00,2025-10-18T14:12:00,132,Cinema Casino Prado,True,True,2025-10-18,13272-film,The Terminator (4K),The Terminator (4K),1984,107,,,"Los Angeles, in the year 2029. Machines rule the world. The insurgents that are fighting against 21st-century mechanical hegemony are led by John Connor, the son of Sarah Connor, born in the eighties. In order to put an end to the rebellion, the machines send a cyborg called The Terminator back to 1984, with the mission of eliminating John's mother and thus preventing his birth. Tech noir loaded with fury and laser beams that handed Schwarzenegger the most iconic role of his career.","<strong>Director</strong><br />James Cameron<br /><br /><strong>Writer</strong>&nbsp;<br />James Cameron, Gale Anne Hurd, William Wisher&nbsp;<br /><br /><strong>Cinematographer</strong>&nbsp;<br />Adam Greenberg&nbsp;<br /><br /><strong>Editor</strong>&nbsp;<br />Mark Goldblatt&nbsp;<br /><br /><strong>With</strong>&nbsp;<br />Arnold Schwarzenegger, Linda Hamilton, Michael Biehn&nbsp;",Fiction,Sitges Clàssics,,,Feature film,English,United States of America (the),https://sitgesfilmfestival.com/en/film/2025/terminator-4k
2213-film_session,2025-10-18T12:15:00,2025-10-18T14:12:00,117,Sala Tramuntana Meliá,False,False,2025-10-18,13294-film,Tristes Tropiques,Seulpeun-Yeoldae,2025,117,Park Hoon-jung,"Winner of the Award for Best Screenplay at the Blue Dragon Awards for The Unjust (2010), he participated in the Òrbita section in 2023 with The Childe.","A group of young assassins who are affiliated with the organization &ldquo;Tristes Tropiques,&rdquo; specialists in jungle warfare and trained by The Master, the absolute ruler of the rainforest, are struggling with mutual distrust while they vow to carry out bloody revenge following an incident that shakes their very existence. The screenwriter of I Saw the Devil, presented at the 43rd edition of the Festival, returns to Sitges with the intention of taking our breath away, once again.","<strong>Director</strong><br />Park Hoon-jung  <br /><strong>Writer</strong><br />Park Hoon-jung  <br /><strong>Cinematography</strong><br />Kim Young-ho  <br /><strong>Editor</strong><br />Jang Lae-won  <br /><strong>With</strong><br />Lee Sin-young, Park Yu-rim, Kim Myung-min",Fiction,Òrbita,,,Feature film,Korean; English; Chichewa; Japanese; Thai,Korea (the Republic of),https://sitgesfilmfestival.com/en/film/2025/tristes-tropiques
2224-film_session,2025-10-18T12:30:00,2025-10-18T13:46:00,76,Cinema Escorxador,False,False,2025-10-18,12177-film,Willy the Sparrow,"Vili, a veréb",1988,76,,,"Willy pretends to be sick in order to get out of taking his math exam. From the window of his house, he starts shooting at cats and sparrows with an air rifle. A kind, elderly woman who feeds the birds turns out to be a fairy who tries to turn Willy, one of the most memorable characters in Hungarian animated cinema, into a good boy, but the spell goes wrong, and the boy will be turned into a sparrow, something that will give rise to all his intrepid adventures.","<strong>Director</strong><br />J&oacute;zsef G&eacute;mes  <br /><strong>Writer</strong><br />J&oacute;zsef G&eacute;mes, Scott Murphy, J&oacute;zsef Nepp  <br /><strong>Cinematography</strong><br />Erzs&eacute;bet Nemes, Arp&aacute;d Lossonczy, Gy&ouml;rgy Varga  <br /><strong>Editor</strong><br />Magda Hap  <br /><strong>With</strong><br />Kl&aacute;ri Tolnay, P&eacute;ter Tihanyi, Zolt&aacute;n Bor",Fiction,Anima't - Sitges Clàssics,,,Feature film,Hungarian,Hungary,https://sitgesfilmfestival.com/en/film/2025/willy-sparrow
2308-film_session,2025-10-18T13:00:00,2025-10-18T14:43:00,103,Sala Auditori Meliá,False,False,2025-10-18,13433-film,Night Patrol,Night Patrol,2025,103,,,,,Fiction,Sitges Collection,,,,English,United Kingdom of Great Britain and Northern Ireland (the),https://sitgesfilmfestival.com/en/film/2025/night-patrol
2417-film_session,2025-10-18T14:15:00,2025-10-18T16:22:00,127,Cinema Escorxador,True,True,2025-10-18,13048-film,American Psycho,American Psycho,2000,102,Mary Harron,"After making her feature debut as a director and screenwriter with I Shot Andy Warhol (1996), she would go on to create her crowning achievement, American Psycho (2000), a memorable adaptation of the novel of the same name by Bret Easton Ellis.","The big screen adaptation of Bret Easton Ellis's chilling bestseller doesn't skimp when it comes to extreme violence and gritty nihilism. Executive Patrick Bateman desperately wants to fit into an immoral, modern world, struggling day after day to try to be the perfect man. But the more anonymous he becomes, the more his psychopathic instincts come to the surface. A satire about the dangers of the egotism of rich, heterosexual white men, which opened the 33rd edition of the Festival.","<p><strong>Director</strong><br />Mary Harron<br /><br /><strong>Writer</strong><br />Mary Harron, Guinevere Turner&nbsp;<br /><br /><strong>Cinematographer</strong></p><p><strong></strong>Andrzej Sekula&nbsp;<br /><br /><strong>Editor</strong>&nbsp;<br />Andrew Marcus&nbsp;<br /><br /><strong>With</strong>&nbsp;<br />Christian Bale, Justin Theroux, Josh Lucas&nbsp;</p>&nbsp;",,Retrospectiva,,,Feature film,English,,https://sitgesfilmfestival.com/en/film/2025/american-psycho
2543-film_session,2025-10-18T14:30:00,2025-10-18T17:45:00,195,Sala Tramuntana Meliá,True,False,2025-10-18,12169-film,Tengosei - Shaman Star,天號星,2025,160,Hidenori Inoue,"Known for adventure films such as Rose & Samurai (2024) and the series Seven Souls in the Skull Castle (2019), he is a regular on the international festival circuit.","The feared gang leader Hanbei is, in fact, an elderly man with a soft heart. What's more, the one actually pulling the strings from in the shadows is his cunning wife Oise. When Ginji, an assassin, is sent to kill him, a strange bolt of lightning causes their souls to switch bodies, and both of them will have to get used to their new bodies, creating chaos in their wake. A lavishly filmed theatrical work that recovers elements from Japanese fantastic folklore.","<strong>Director</strong><br />Hidenori Inoue&nbsp;<br /><br /><strong>Writer</strong>&nbsp;<br />Kazuki Nakashima&nbsp;<br /><br /><strong>Cinematographer</strong>&nbsp;<br />Katsumi Noguchi&nbsp;<br /><br /><strong>Editor</strong>&nbsp;<br />Kensuke Endo&nbsp;<br /><br /><strong>With</strong>&nbsp;<br />Arata Furuta, Taichi Saotome, Shiori Kubo&nbsp;",Fiction,Noves Visions - Sessió Especial,,,Feature film,Japanese,Japan,https://sitgesfilmfestival.com/en/film/2025/tengosei-shaman-star
2420-film_session,2025-10-18T14:30:00,2025-10-18T16:08:00,98,Cinema Casino Prado,True,True,2025-10-18,13054-film,That Last Shark,Aquel último tiburón,2025,73,Víctor Matellano García,"Film and theater director, screenwriter and writer. He's known for fiction films likeWax(2014) and the documentariesMi adorado Monster(2021) andValley of Concavenator(2023).","There was a time when the Italian film industry copied American models and reaped huge profits. In 1981, a transalpine production company dared to make an exploitation version of Jaws and Jaws 2, while Universal was preparing the third official installment. The Last Shark was successfully released in several countries with the title Jaws 3 or The Last Jaws, making a huge impact, but in the United States it instantly got sued, sparking an epic conflict between Jaws.","<strong>Director</strong><br />V&iacute;ctor Matellano, &Aacute;ngel Sala<br /><br /><strong>Writer</strong>&nbsp;<br />V&iacute;ctor Matellano, &Aacute;ngel Sala, Vanesa Bocanegra&nbsp;<br /><br /><strong>Cinematographer</strong>&nbsp;<br />Danie Salas, David Cort&aacute;zar&nbsp;<br /><br /><strong>Editor</strong>&nbsp;<br />Abi&aacute;n Molina&nbsp;<br /><br /><strong>With</strong>&nbsp;<br />Enzo G. Castellari, Fabiola Toledo, Andrea Bronston&nbsp;",Documentary,Sitges Documenta - Sessions Especials; Sitges Family - Teens,,,Feature film,English; Italian,Spain,https://sitgesfilmfestival.com/en/film/2025/aquel-ultimo-tiburon
2178-film_session,2025-10-18T15:15:00,2025-10-18T17:13:00,118,Sala Auditori Meliá,False,False,2025-10-18,12155-film,The Ice Tower,La tour de glace,2024,118,Lucile Hadžihalilović,"French director and screenwriter, known for her haunting and poetic cinematic atmospheres. Winner of the 2021 Méliès Career Award.","In the 1970s, Jeanne, a teenage orphan, runs away from her village in the mountains and takes refuge in a shelter where an adaptation of The Snow Queen is being filmed. There, she meets Cristina, the charismatic star of the film, who takes her under her wing. The relationship between the two of them will grow more and more intense, trapping Jeanne in a web of power and desire. A dark fairy tale about fascination, identity, and the price of admiration.","<strong>Director</strong><br />Lucile Hadžihalilović<br /><br /><strong>Writer</strong>&nbsp;<br />Lucile Hadžihalilović, Geoff Cox&nbsp;<br /><br /><strong>Cinematographer</strong>&nbsp;<br />Jonathan Ricquebourg&nbsp;<br /><br /><strong>Editor</strong>&nbsp;<br />Nassim Gordji Tehrani&nbsp;<br /><br /><strong>With</strong>&nbsp;<br />Marion Cotillard, Clara Pacini, August Diehl&nbsp;",Fiction,Sitges Collection,,,Feature film,French,France; Germany; Italy,https://sitgesfilmfestival.com/en/film/2025/ice-tower
2539-film_session,2025-10-18T16:00:00,2025-10-18T17:40:00,100,Sala Llevant,True,False,2025-10-18,13292-film,Tras las huellas de un gigante. Ray Harryhausen en España,Tras las huellas de un gigante. Ray Harryhausen en España,2025,95,,,"A journey through time covering all his films, with incredible material and testimonials that show us what Ray Harryhausen was like, not only as a technician, but also as a person.","<strong>Director</strong><br />Luis Esquinas, Domingo Lizcano",Documentary,Brigadoon,,,Feature film,Spanish,Spain,https://sitgesfilmfestival.com/en/film/2025/tras-huellas-gigante-ray-harryhausen-espana
2503-film_session,2025-10-18T16:30:00,2025-10-18T18:05:00,95,Cinema Casino Prado,True,False,2025-10-18,13170-film,Marama,Marama,2025,90,Taratoa Stappard,"Director and screenwriter born in Aotearoa, New Zealand, to a Māori mother and an English father.Maramais his debut feature film.","When Mary Stevens, a young Māori teacher from Aotearoa, travels from New Zealand to a county in England back in 1859, she discovers her terrible colonial heritage and is forced to confront the people who did away with her family. And she'll do it in a fierce struggle to reclaim her identity and indigenous culture, one which will gradually turn into bloody and grotesque revenge. Victorian horror in opposition to imperialism.","<strong>Director</strong><br />Taratoa Stappard  <br /><strong>Writer</strong><br />Taratoa Stappard  <br /><strong>Cinematography</strong><br />Gin Loane  <br /><strong>Editor</strong><br />Dan Kircher  <br /><strong>With</strong><br />Toby Stephens, Ariana Osborne, Umi Myers",Fiction,Panorama,,,Feature film,English; Maori,New Zealand,https://sitgesfilmfestival.com/en/film/2025/marama
2282-film_session,2025-10-18T17:10:00,2025-10-18T18:34:00,84,Mercat Vell,False,False,2025-10-18,12300-film,Prehysteria,Prehysteria!,1993,84,,,,,Fiction,Sitges Family - Kids,,,Feature film,English,United States of America (the),https://sitgesfilmfestival.com/en/film/2025/prehysteria
2464-film_session,2025-10-18T17:15:00,2025-10-18T19:05:00,110,Cinema Escorxador,True,True,2025-10-18,13106-film,"Eloy de la Iglesia, adicto al cine","Eloy de la Iglesia, adicto al cine",2025,85,,,,,Documentary,Sitges Documenta,,,Feature film,Spanish; French,Spain,https://sitgesfilmfestival.com/en/film/2025/eloy-iglesia-adicto-cine
2465-film_session,2025-10-18T18:00:00,2025-10-18T19:33:00,93,Sala Llevant,True,False,2025-10-18,13280-film,Thinestra,Thinestra,2025,88,,,"A miraculous drug is able to give you the body you've always dreamed of, but will it turn your life into a living and breathing nightmare?",<strong>Director</strong><br />Nathan Hertz,,Brigadoon,,,Feature film,English,United States of America (the),https://sitgesfilmfestival.com/en/film/2025/thinestra
2485-film_session,2025-10-18T18:20:00,2025-10-18T20:06:00,106,Cinema Casino Prado,True,False,2025-10-18,13143-film,Jigoku (4K),Jigoku,1960,101,,,"Following a car accident during which they run someone over and then flee the scene, two students will end up experiencing the afterlife firsthand. Nakagawa devoted three years to conceiving this film, searching for a unique representation of hell. Through the use of abundant special effects, he managed to come up with a completely original concept. Sixties J-Horror that combines the supernatural with gore, and drama with surrealism. 4K restored copy.","<p><strong>Director</strong><br />Nobuo Nakagawa&nbsp;<br /><br /><strong>Writer</strong><br />Ichirou Miyagawa, Nobuo Nakagawa&nbsp;<br /><br /><strong>Cinematographer</strong><br />Mamoru Morita&nbsp;</p><p><strong>Editor</strong><br />Toshio Goto&nbsp;<br /><br /><strong>With</strong>&nbsp;<br />Shigeru Amachi, Youichi Numata, Utako Mitsuya&nbsp;</p>&nbsp;&nbsp;&nbsp;",Fiction,Seven Chances,,,Feature film,Japanese,Japan,https://sitgesfilmfestival.com/en/film/2025/jigoku-4k
2204-film_session,2025-10-18T18:45:00,2025-10-18T20:22:00,97,Sala Tramuntana Meliá,False,False,2025-10-18,13284-film,The Evil That Binds Us,Todos los males,2025,97,Nicolás Postiglione,"Filmmaker who studied at ARCIS University in Chile. His first feature film, Immersion (2021), garnered awards at several festivals.","In Valdivia (Chile) in the late 1950s, Daniel, a boy who has just lost his mother meets his father's German family, the Riedels, who are going to be responsible for taking care of him. Isolated by their cultural disconnect, he finds comfort in Ema, a girl who will reveal the Riedels' dark secrets to him. When Ema disappears and the tragedy is covered up, Daniel faces this betrayal and decides to seek revenge before leaving.","<strong>Director</strong><br />Nico Postiglione<br /><br /><strong>Writer</strong><br />Nico Postiglione<br /><br /><strong>Cinematographer</strong>&nbsp;<br />Benjam&iacute;n Echazarreta&nbsp;<br /><br /><strong>Editor</strong>&nbsp;<br />Guille Gatti&nbsp;<br /><br /><strong>With</strong>&nbsp;<br />Fernanda Finsterbusch, Catrin Striebeck, Tilo Werner&nbsp;",Fiction,Oficial Fantàstic Competició,,,Feature film,Spanish; German,Chile; Mexico,https://sitgesfilmfestival.com/en/film/2025/todos-males
2473-film_session,2025-10-18T19:00:00,2025-10-18T21:53:00,173,Sala Auditori Meliá,True,False,2025-10-18,13507-film,La larga marcha,La larga marcha,0,108,,,,,,Cloenda,,,Feature film,English,,https://sitgesfilmfestival.com/en/film/2025/larga-marcha
2171-film_session,2025-10-18T19:15:00,2025-10-18T20:40:00,85,Cinema Escorxador,False,False,2025-10-18,12172-film,The Fin,The Fin,2025,85,Syeyoung Park,"South Korean filmmaker who presented his first feature film in Sitges:The Fifth Thoracic Vertebra(2022), recipient of the Special Jury Mention at the Fantasia Festival.","In a post-war, ecologically devastated Korea, the Omegas, marginalized mutants, are exploited as cheap labor. Mia, an Omega in hiding, works at a mysterious fishing shop. When government employee Sujin begins to grow suspicious of her, she will venture into an underground world, eventually coming to even question her own faith in the state's ideology. Influenced by Tsai Ming-liang's filmmaking, this visually delightful experiment navigates between the narrative and the contemplative.","<strong>Director</strong><br />Syeyoung Park<br /><br /><strong>Writer</strong>&nbsp;<br />Syeyoung Park&nbsp;<br /><br /><strong>Cinematographer</strong>&nbsp;&nbsp;<br />Syeyoung Park&nbsp;<br /><br /><strong>Editor</strong>&nbsp;<br />Syeyoung Park&nbsp;<br /><br /><strong>With</strong>&nbsp;<br />Yeji Yeon, Pureum Kim, Goh-Woo&nbsp;",Fiction,Noves Visions,,,Feature film,Korean,Korea (the Republic of); Germany; Qatar,https://sitgesfilmfestival.com/en/film/2025/fin
2336-film_session,2025-10-18T20:00:00,2025-10-18T21:39:00,99,Sala Llevant,False,False,2025-10-18,12246-film,African Kung Fu Nazis II - Bum Bum!,African Kung Fu Nazis II - Bum Bum!,2025,99,,,Seriously? Hitler is back? And this time he's trying to become president of Ghana? But wait... Why's he acting so weird? Could it be? Is he really a... Robotto?,"<strong>Director</strong><br />Sebastian Stein, Samuel ""Ninja-Man"" Nkansah",,Brigadoon,,,Feature film,English; Japanese; German; Twi,Ghana; Germany; Japan,https://sitgesfilmfestival.com/en/film/2025/african-kung-fu-nazis-ii-bum-bum
2283-film_session,2025-10-18T20:30:00,2025-10-18T21:43:00,73,Mercat Vell,False,False,2025-10-18,13054-film,That Last Shark,Aquel último tiburón,2025,73,Víctor Matellano García,"Film and theater director, screenwriter and writer. He's known for fiction films likeWax(2014) and the documentariesMi adorado Monster(2021) andValley of Concavenator(2023).","There was a time when the Italian film industry copied American models and reaped huge profits. In 1981, a transalpine production company dared to make an exploitation version of Jaws and Jaws 2, while Universal was preparing the third official installment. The Last Shark was successfully released in several countries with the title Jaws 3 or The Last Jaws, making a huge impact, but in the United States it instantly got sued, sparking an epic conflict between Jaws.","<strong>Director</strong><br />V&iacute;ctor Matellano, &Aacute;ngel Sala<br /><br /><strong>Writer</strong>&nbsp;<br />V&iacute;ctor Matellano, &Aacute;ngel Sala, Vanesa Bocanegra&nbsp;<br /><br /><strong>Cinematographer</strong>&nbsp;<br />Danie Salas, David Cort&aacute;zar&nbsp;<br /><br /><strong>Editor</strong>&nbsp;<br />Abi&aacute;n Molina&nbsp;<br /><br /><strong>With</strong>&nbsp;<br />Enzo G. Castellari, Fabiola Toledo, Andrea Bronston&nbsp;",Documentary,Sitges Documenta - Sessions Especials; Sitges Family - Teens,,,Feature film,English; Italian,Spain,https://sitgesfilmfestival.com/en/film/2025/aquel-ultimo-tiburon
2245-film_session,2025-10-18T20:30:00,2025-10-18T22:37:00,127,Cinema Casino Prado,True,False,2025-10-18,13259-film,La sonrisa del mal (The Holy Boy),La valle dei sorrisi,2025,122,Paolo Strippoli,"With a degree in Film Directing from the Experimental Cinematography Center in Rome, he returns to the Festival after presentingFlowingin the Panorama Section in 2022.","When Sergio, a teacher tormented by his past, is transferred to Remis, known as the happiest village in Italy, it seems like the perfect place to make a fresh start. However, something strange is going on there: every week, the villagers meet up with Matteo, an introverted teenage boy whose embrace wards off pain and sorrow. In an attempt to save him from the community's madness, Sergio will unleash the dark side of this seemingly perfect small-town harmony.","<strong>Director</strong><br />Paolo Strippoli<br /><br /><strong>Writer</strong>&nbsp;<br />Paolo Strippoli, Milo Tissone, Jacopo Del Giudice&nbsp;<br /><br /><strong>Cinematographer</strong>&nbsp;<br />Cristiano Di Nicola&nbsp;<br /><br /><strong>Editor</strong>&nbsp;<br />Federico Palmerini&nbsp;<br /><br /><strong>With</strong>&nbsp;<br />Michele Riondino, Giulio Feltri, Romana Maggiora Vergano&nbsp;",Fiction,Noves Visions - Cloenda,,,Feature film,Italian,Italy; Slovenia,https://sitgesfilmfestival.com/en/film/2025/holy-boy
2220-film_session,2025-10-18T21:00:00,2025-10-18T22:08:00,68,Sala Tramuntana Meliá,False,False,2025-10-18,13301-film,Verano Trippin,Verano Trippin,2025,68,,,,,Fiction,Òrbita - Sessions Especials,,,Feature film,Spanish,Argentina; Uruguay,https://sitgesfilmfestival.com/en/film/2025/verano-trippin
2272-film_session,2025-10-18T21:00:00,2025-10-18T22:29:00,89,Cinema Escorxador,False,False,2025-10-18,13212-film,Roqia,Roqia,2025,89,,,,,,Noves Visions,,,Feature film,Arabic,France; Algeria; Qatar; Saudi Arabia,https://sitgesfilmfestival.com/en/film/2025/roqia
2335-film_session,2025-10-18T22:00:00,2025-10-18T23:22:00,82,Sala Llevant,False,False,2025-10-18,12247-film,Arcade / Arcatron,Arcade / Arcatron,1993,82,Albert Pyun,,All the kids are dying to try out a new virtual reality video game called &ldquo;Arcade.&rdquo; The problem is that it really does kill you.,<strong>Director</strong><br />Albert Pyun,,Brigadoon,,,Feature film,Spanish,United States of America (the),https://sitgesfilmfestival.com/en/film/2025/arcade-arcatron
2314-film_session,2025-10-18T22:30:00,2025-10-19T00:30:00,120,Sala Auditori Meliá,False,False,2025-10-18,13520-film,Sessió Sorpresa,Sessió Sorpresa,0,120,,,,,,Sessió Sorpresa,,,Feature film,,,https://sitgesfilmfestival.com/en/film/2025/sessio-sorpresa
2514-film_session,2025-10-18T22:45:00,2025-10-19T00:40:00,115,Cinema Casino Prado,True,False,2025-10-18,13191-film,Odyssey,Odyssey,2025,110,Gerard Johnson,"British director and writer known for the award-winning filmsTony(2009),Hyena(2014), andMuscle(2019).","Natasha Flynn, a London real estate agent who&rsquo;s addicted to cocaine, conceals her crumbling and catastrophic life behind luxury and ostentation. When her moneylender makes her an offer to settle all her debts in exchange for a dangerous scheme, she finds herself swept into London's sordid underworld, leading to a bloody and chaotic confrontation. What starts out as a character drama, will soon turn into a dark thriller steeped in violence and bad blood.","<strong>Director</strong><br />Gerard Johnson  <br /><strong>Writer</strong><br />Austin Collings, Gerard Johnson  <br /><strong>Cinematography</strong><br />Korsshan Schlauer  <br /><strong>Editor</strong><br />Ian Davies  <br /><strong>With</strong><br />Polly Maberly, Guy Burnet, Mikael Persbrandt",Fiction,Òrbita,,,Feature film,English,United Kingdom of Great Britain and Northern Ireland (the),https://sitgesfilmfestival.com/en/film/2025/odyssey
2267-film_session,2025-10-18T23:00:00,2025-10-19T00:30:00,90,Cinema Escorxador,False,False,2025-10-18,12210-film,OBEX,OBEX,2025,90,Albert Birney,An independent filmmaker known for highly personal fantastic genre films such as Sylvio (2017) and Strawberry Mansion (2021).,"In 1987, Conor Marsh leads a lonely life along with his dog Sandy, until one day when he starts playing Obex, a cutting-edge computer game. When Sandy disappears, the line between reality and game becomes blurred, and Conor is forced to set out on a mission to save her. A film that uses elements from fantastique filmmaking to embark on a nostalgic adventure through time and space, immersing the audience in the innermost depths of a unique video game.","<strong>Director</strong> <br />Albert Birney  <br /><strong>Writer</strong> <br />Albert Birney, Pete Ohs  <br /><strong>Cinematography</strong> <br />Pete Ohs  <br /><strong>Editor</strong> <br />Albert Birney, Pete Ohs  <br /><strong>With</strong> <br />Albert Birney, Callie Hernandez, Frank Mosley",Fiction,Noves Visions,,,Feature film,English,United States of America (the),https://sitgesfilmfestival.com/en/film/2025/obex
2380-film_session,2025-10-18T23:15:00,2025-10-19T00:44:00,89,Sala Tramuntana Meliá,False,False,2025-10-18,13043-film,Abraham's Boys: A Dracula Story,Abraham's Boys: A Dracula Story,2025,89,Natasha Kermani,"Writer and film and television director, she’s a co-founder of Illium Pictures. Her films Lucky (2020) and V/H/S/85 (2023) were both screened at the Sitges Film Festival.","Max and Rudy Van Helsing have spent their lives under the strict control of their father, Abraham. Unaware of his dark past, they struggle to understand his erratic and increasingly paranoid behavior. When they begin to discover the violent realities of the history that exists between their father and Dracula, their world comes crashing down, forcing them to come to grips with a terrifying legacy. A coming-of-age story that reimagines the Dracula myth with surprising originality and impeccable expertise.","<strong>Director</strong><br />Natasha Kermani<br /><br /><strong>Writer</strong>&nbsp;<br />Natasha Kermani, Joe Hill&nbsp;<br /><br /><strong>Cinematographer</strong><br />Julia Swain&nbsp;<br /><br /><strong>Editor</strong>&nbsp;<br />Gabriel de Urioste&nbsp;<br /><br /><strong>With</strong>&nbsp;<br />Titus Welliver, Brady Hepner, Judah Mackey&nbsp;",Fiction,Panorama,,,Feature film,English,United Kingdom of Great Britain and Northern Ireland (the); United States of America (the),https://sitgesfilmfestival.com/en/film/2025/abrahams-boys
2292-film_session,2025-10-18T23:35:00,2025-10-19T01:05:00,90,Mercat Vell,False,False,2025-10-18,12152-film,Strange Journey: The Story of Rocky Horror,Strange Journey: The Story of Rocky Horror,2025,90,Linus O'Brien,"A multidisciplinary creator, he is the founder of PANIC, underground techno sessions in Los Angeles featuring famous DJs like Bushwacka! and Mr. C.","From its humble beginnings as an underground theatrical production in London to its meteoric rise as the most important cult film of all time, this is the definitive story of The Rocky Horror Show. Featuring interviews with its creator, Richard O'Brien, as well as other important personalities including Tim Curry, Susan Sarandon, and Lou Adler, this documentary explores, in an exemplary style, the keys as to why both the theatrical production and the film are so unique.","<strong>Director</strong><br />Linus O'Brien<br /><br /><strong>Writer</strong><br />Avner Shiloah&nbsp;<br /><br /><strong>Cinematograph</strong>&nbsp;<br />Warren Kommers&nbsp;<br /><br /><strong>Editor</strong>&nbsp;<br />Avner Shiloah&nbsp;<br /><br /><strong>With</strong>&nbsp;<br />Richard O'Brien, Tim Curry, Jim Sharman&nbsp;",Documentary,Sitges Documenta,,,Feature film,English,United States of America (the),https://sitgesfilmfestival.com/en/film/2025/strange-journey-story-rocky-horror
2275-film_session,2025-10-19T00:45:00,2025-10-19T02:02:00,77,Cinema Escorxador,False,False,2025-10-19,12171-film,Devil's Bride,Velnio nuotaka,1974,77,Arūnas Žebriūnas,,"Pinchiukas is an angel expelled from heaven by God due to his hedonism and promiscuity. On his arrival in the human world, he is taken in by a mill owner named Baltaragis. The two of them will make a deal: if the fallen angel helps the miller to be prosperous, he will give him his soul and his daughter Jurga as his wife. A masterpiece of Soviet fantastique genre that presents a delirious and brilliant mix of folk horror and campy musical filmmaking.","<strong>Director</strong><br />Arūnas Žebriūnas<br /><br /><strong>Writer</strong>&nbsp;<br />Sigitas Geda, Arūnas Žebriūnas&nbsp;<br /><br /><strong>Cinematographer</strong>&nbsp;<br />Algimantas Mockus&nbsp;<br /><br /><strong>Editor</strong>&nbsp;<br />Ona Dirzyt&eacute;s, Vanda Surviliene&nbsp;<br /><br /><strong>With</strong>&nbsp;<br />Vaiva Mainelyte, Regimantas Adomaitis, Gediminas Girdvainis&nbsp;",Fiction,Retrospectiva,,,Feature film,Lithuanian,Lithuania,https://sitgesfilmfestival.com/en/film/2025/devils-bride
2318-film_session,2025-10-19T01:00:00,2025-10-19T07:30:00,390,Sala Auditori Meliá,False,False,2025-10-19,13131-film,Hard Boiled (4K),Lat sau san taam,1992,128,,,,,Fiction,Sitges Clàssics,,,Feature film,Cantonese; English,Hong Kong,https://sitgesfilmfestival.com/en/film/2025/hard-boiled-4k
2318-film_session,2025-10-19T01:00:00,2025-10-19T07:30:00,390,Sala Auditori Meliá,False,False,2025-10-19,13228-film,Sons of the Neon Night,Sons of the Neon Night,2025,125,,,,,Fiction,Sitges Collection,,,Feature film,Cantonese,China; Hong Kong,https://sitgesfilmfestival.com/en/film/2025/sons-neon-night
2318-film_session,2025-10-19T01:00:00,2025-10-19T07:30:00,390,Sala Auditori Meliá,False,False,2025-10-19,12199-film,Cesium Fallout,焚城,2024,137,Anthony Pun,"With a background as a prestigious cinematographer, he has directed films such as Extraordinary Mission (2017) and One More Chance (2023).","Andy Lau and Karen Mok, two Hong Kong movie stars both with extensive careers behind them, star in this spectacular blockbuster made in the purest Roland Emmerich disaster movie style. Following an unfortunate fire that breaks out in the city of Hong Kong, a radiation leak is unleashed that will endanger the lives of the city's seven million inhabitants. Fasten your seatbelts for a rollercoaster of emotions.<br /><br />&nbsp;&nbsp;","<p>Director </p><p>Anthony Pun<br /><br />Writer&nbsp;<br />Mak Tin Shu, Shum Kwan Sin, Wong Wing Yiu, Frances To, Oscar Fung&nbsp;<br /><br />Cimatograph&nbsp;<br />Anthony Pun&nbsp;<br /><br />Editor&nbsp;<br />Cheung Ka Fai&nbsp;<br /><br />With&nbsp;<br />Andy Lau, Bai Yu, Karen Mok&nbsp;<br /><br /></p>&nbsp;",Fiction,Òrbita,,,Feature film,Cantonese,Hong Kong,https://sitgesfilmfestival.com/en/film/2025/cesium-fallout
2168-film_session,2025-10-19T01:15:00,2025-10-19T06:45:00,330,Cinema Casino Prado,True,False,2025-10-19,12217-film,Deathstalker,Deathstalker,2025,103,Steven Kostanski,"An undeniable figure in Canadian low-budget filmmaking and a wizard of FX makeup, known for movies including The Void (2016) and Psycho Goreman (2020).","The Kingdom of Abraxeon is under siege from the Dreadites, followers of the sorcerer Nekromemnon. When the warrior known as Deathstalker recovers an enchanted amulet from a corpse-ridden battlefield, he ends up being cursed by its dark magic and hunted by a monstrous clan of assassins. Steven Kostanski (The Void, Frankie Freako) brings us this eagerly awaited remake of a B-movie classic produced by Roger Corman and full of traditional FX.","<strong>Director</strong><br />Steven Kostanski&nbsp;<br /><br /><strong>Writer</strong>&nbsp;<br />Steven Kostanski&nbsp;<br /><br /><strong>Cinematograph</strong>&nbsp;<br />Andrew Appelle&nbsp;<br /><br /><strong>Editor</strong>&nbsp;<br />Robert Hyland&nbsp;<br /><br /><strong>With</strong>&nbsp;<br />Daniel Bernhardt, Christina Orjalo, Patton Oswalt&nbsp;",Fiction,Midnight X-Treme,,,Feature film,English,Canada,https://sitgesfilmfestival.com/en/film/2025/deathstalker
2168-film_session,2025-10-19T01:15:00,2025-10-19T06:45:00,330,Cinema Casino Prado,True,False,2025-10-19,13089-film,Deathgasm II: Goremageddon,Deathgasm II: Goremageddon,2025,117,,,,,Fiction,Midnight X-Treme,,,Feature film,English,Canada; New Zealand,https://sitgesfilmfestival.com/en/film/2025/deathgasm-ii-goremageddon
2168-film_session,2025-10-19T01:15:00,2025-10-19T06:45:00,330,Cinema Casino Prado,True,False,2025-10-19,13244-film,The Creeps,The Creeps,0,96,,,,,,Midnight X-Treme,,,Feature film,English,,https://sitgesfilmfestival.com/en/film/2025/creeps
2353-film_session,2025-10-19T01:15:00,2025-10-19T03:59:00,164,Sala Tramuntana Meliá,False,False,2025-10-19,13120-film,Flush,Flush,2025,70,Grégory Morin,"Filmmaker, cinematographer, and editor known for the short film Paris by Night of the Living Dead (2009). Flush is his debut feature film.","Luc's head has gotten stuck in the toilet. While he attempts to escape, he will have to contend with the other users of the restroom where the story takes place, the only location in the film, including a cocaine-addicted rat and Sam, the owner of the bar where he is trapped, who has given him up for dead. From this wacky premise emerges a work of absolute creativity that is unlike anything else you've ever seen before. Scatological horror in its purest form.","<strong>Director</strong><br />Gr&eacute;gory Morin<br /><br /><strong>Writer</strong><br />David Neiss&nbsp;<br /><br /><strong>Cinematographer</strong>&nbsp;<br />Mathieu de Montgrand&nbsp;<br /><br /><strong>Editor</strong>&nbsp;<br />Pauline Pallier&nbsp;<br /><br /><strong>With</strong>&nbsp;<br />Jonathan Lambert, &Eacute;lodie Navarre, Elliot Jenicot&nbsp;",Fiction,Midnight X-Treme,,,Feature film,French,France; United Kingdom of Great Britain and Northern Ireland (the),https://sitgesfilmfestival.com/en/film/2025/flush
2353-film_session,2025-10-19T01:15:00,2025-10-19T03:59:00,164,Sala Tramuntana Meliá,False,False,2025-10-19,13124-film,Fuck My Son!,Fuck My Son!,2025,94,Todd Rohal,"A high school janitor, he has written and directed short films and feature films, as well as several specials for the television show Adult Swim.","A highly peculiar immersion in demented comedy and maniacal horror but with an X rating, where a decrepit mother drags a perfectly innocent stranger into an absurd, filthy, and incomprehensible nightmare: she will stop at nothing in order to help her &ldquo;mutant son&rdquo; lose his virginity. An unflinchingly faithful adaptation of the repugnant comic by American artist Johnny Ryan. The most abject cinematic exercise to appear since Pink Flamingos.","<strong>Director</strong><br />Todd Rohal<br /><br /><strong>Writer</strong>&nbsp;<br />Todd Rohal&nbsp;<br /><br /><strong>Cinematographer</strong>&nbsp;<br />Benjamin Kasulke, DDS&nbsp;<br /><br /><strong>Editor</strong>&nbsp;<br />Todd Rohal&nbsp;<br /><br /><strong>With</strong>&nbsp;<br />Tipper Newton, Robert Longstreet, Steve Little&nbsp;",Fiction,Midnight X-Treme,,,Feature film,English,United States of America (the),https://sitgesfilmfestival.com/en/film/2025/fuck-my
2175-film_session,2025-10-19T10:00:00,2025-10-19T11:13:00,73,Cinema Escorxador,False,False,2025-10-19,12206-film,The Great History of Western Philosophy,La gran historia de la filosofía occidental,2025,73,Aria Covamonas,"Following a series of outstanding animated shorts, including Camille Saint-Saëns' The Carnival of the Animals (2017) and Taxidermy for Beginners (2018), he now debuts in feature film format with The Great History of Western Philosophy.","A cosmic animator is forced by the Central Committee to make a philosophical film under the watchful eye of Chairman Mao. But right from the start, the dictator is displeased and sentences everyone involved in the film to death. However, Comrade Monkey and the good old Sun Wukong won't allow it. A gem in cut-out animation (using pieces that have been cut out to create images or characters), it was a big hit at both the Rotterdam and Annecy festivals.",<strong>Director</strong><br />Aria Covamonas  <br /><strong>Writer</strong><br />Aria Covamonas,Fiction,Noves Visions; Anima't,,,Feature film,Chinese; English,,https://sitgesfilmfestival.com/en/film/2025/great-history-western-philosophy
2223-film_session,2025-10-19T10:00:00,2025-10-19T11:35:00,95,Sala Tramuntana Meliá,False,False,2025-10-19,13305-film,We Bury The Dead,We Bury The Dead,2024,95,Zak Hilditch,"Australian filmmaker specializing in genre, he has directed and written films including These Final Hours (2013) and the Stephen King adaptation 1922 (2017).","When her husband goes missing following a catastrophic military experiment that decimates the population of Tasmania, Ava goes to join a &ldquo;body retrieval unit&rdquo; in the hope of eventually finding him still alive. But her search takes a chilling turn when the corpses that she's burying start showing signs of life. Daisy Ridley, star of the most recent Star Wars film franchise, plays the lead in this vibrant post-apocalyptic thriller.","<strong>Director</strong><br />Zak Hilditch  <br /><strong>Writer</strong><br />Zak Hilditch  <br /><strong>Cinematography</strong><br />Steve Annis  <br /><strong>Editor</strong><br />Merlin Eden  <br /><strong>With</strong><br />Daisy Ridley, Brenton Thwaites",Fiction,Oficial Fantàstic Competició,,,Feature film,English,Australia,https://sitgesfilmfestival.com/en/film/2025/we-bury-dead
2230-film_session,2025-10-19T10:00:00,2025-10-19T11:56:00,116,Cinema Casino Prado,False,False,2025-10-19,13152-film,Labyrinth,Labyrinth,2025,116,,,,,Fiction,Anima't,,,Feature film,Japanese,Japan,https://sitgesfilmfestival.com/en/film/2025/labyrinth
2404-film_session,2025-10-19T10:00:00,2025-10-19T14:00:00,240,Sala Auditori Meliá,False,False,2025-10-19,13515-film,Marató Matinée Auditori,Marató Matinée Auditori,0,240,,,,,,,,,Session,,,https://sitgesfilmfestival.com/en/film/2025/marato-matinee-auditori
2280-film_session,2025-10-19T11:45:00,2025-10-19T13:23:00,98,Cinema Escorxador,False,False,2025-10-19,12203-film,Crocodile Tears,Crocodile Tears,2024,98,Tumpal Tampubolon,"A film buff turned filmmaker based in Jakarta, he holds a degree in Mathematics from the Bandung Institute of Technology. Crocodile Tears is his debut feature film as a director.","Johan, at the height of his maturity, lives alone with his mother on a crocodile farm in West Java. Mother and son live in voluntary exile with a white crocodile as their only confidant. However, their life of isolation will be turned upside down when Johan falls in love with Arumi, a local girl from the village, triggering a series of events that threaten the delicate balance of their lives, especially because his mother is jealous of her.","<strong>Director</strong><br />Tumpal Tampubolon<br /><strong>Writer</strong><br />Tumpal Tampubolon<br /><strong>Cinematography</strong><br />Teck Siang Lim<br /><strong>Editor</strong><br />Jasmine Ng Kin Kia, Kelvin Nugroho<br /><strong>With</strong><br />Yusuf Mahardika, Marissa Anita, Zulfa Maharani",Fiction,Noves Visions,,,Feature film,Indonesian,Indonesia; Singapore; France; Germany,https://sitgesfilmfestival.com/en/film/2025/crocodile-tears
2182-film_session,2025-10-19T12:00:00,2025-10-19T13:33:00,93,Mercat Vell,False,False,2025-10-19,12301-film,The Magic Trap,The Magic Trap,2024,93,,,,,Fiction,Sitges Family - Kids,,,Feature film,Greek,Greece,https://sitgesfilmfestival.com/en/film/2025/magic-trap
2389-film_session,2025-10-19T12:00:00,2025-10-19T13:39:00,99,Sala Tramuntana Meliá,False,False,2025-10-19,13135-film,Her Will Be Done,Que ma volonté soit faite,2025,99,,,,,Fiction,Oficial Fantàstic Competició,,,Feature film,French; Polish,France; Poland,https://sitgesfilmfestival.com/en/film/2025/her-will-be-done
2331-film_session,2025-10-19T12:00:00,2025-10-19T13:40:00,100,Sala Llevant,False,False,2025-10-19,13233-film,Street Trash,Street Trash,1987,100,,,"In the sordid world of drunks and vagrants in lower Manhattan, two young runaways live in the back room of a junkyard. Life is hard, but the biggest threat is a mysterious box containing an alcoholic beverage called &ldquo;Tenafly Viper.&rdquo; It's forty years old, only costs a dollar a bottle... and it's bad. Really bad!",<strong>Director</strong><br />Jim Muro,,Brigadoon,,,Feature film,English,United States of America (the),https://sitgesfilmfestival.com/en/film/2025/street-trash
2212-film_session,2025-10-19T12:15:00,2025-10-19T14:26:00,131,Cinema Casino Prado,False,False,2025-10-19,13291-film,Trapped,大風殺,2025,131,Sagara,"A film editor since 2007, he has worked with directors including Wong Kar-wai, Tsui Hark, Stephen Chow, and John Woo.Trappedis his directorial debut.","In 1995, one year before the gun ban, the tranquility of Mangya is shattered by Bei Shan, the leader of a gang of criminals who cut off the town's communications and fuel supply. With only three police officers, a single weapon to defend themselves, and a sandstorm looming on the horizon, the locals are going to have to figure out what to do to change their fate. An absolutely thrilling experience with action scenes that are as frenetic as they are terrifying.","<strong>Director</strong><br />Sagara<br /><br /><strong>Writer</strong>&nbsp;<br />Sahaja, Sagara&nbsp;<br /><br /><strong>Cinematographer</strong>&nbsp;<br />Wang Jie-hong&nbsp;<br /><br /><strong>Editor</strong>&nbsp;<br />Sagara&nbsp;<br /><br /><strong>With</strong>&nbsp;<br />Bai Ke, Xin Bai-qing, Lang Yue-ting",Fiction,Òrbita,,,Feature film,Mandarin,China,https://sitgesfilmfestival.com/en/film/2025/trapped
2163-film_session,2025-10-19T14:00:00,2025-10-19T16:09:00,129,Cinema Escorxador,False,False,2025-10-19,12168-film,Tamala 2030: A Punk Cat in Dark,Tamala 2030: A Punk Cat in Dark,2025,129,t.o.l,"Enigmatic artistic duo that created the Tamala saga, which began in 2002 with Tamala 2010: A Punk Cat in Space, presented at the Festival.","A retro-futuristic anime inspired by the COVID pandemic, where the most punk kitty dystopian Tokyo and her detective partner Michelangelo search for those who have mysteriously &ldquo;disappeared&rdquo; from a vast and sinister state controlled by corporations. An avant-garde chronicle of present-day violence, genocidal capitalism, and the ecological crisis, it functions as a metaphysical and perverse fusion between David Lynch and Hatsune Miku.","<strong>Director</strong>&nbsp;<br />t.o.L&nbsp;<br /><br /><strong>Writer</strong>&nbsp;<br />t.o.L&nbsp;<br /><br /><strong>Editor</strong>&nbsp;<br />Masashi Muto&nbsp;<br /><br /><strong>With</strong>&nbsp;<br />Atsuko Nakata, Daisuke Kasuya, Kana Aoi&nbsp;",Fiction,Anima't,,,Feature film,Japanese,Japan,https://sitgesfilmfestival.com/en/film/2025/tamala-2030-punk-cat-dark
2320-film_session,2025-10-19T14:00:00,2025-10-19T15:31:00,91,Sala Llevant,False,False,2025-10-19,12253-film,Devil Curse,Devil Curse,1988,91,,,"The flip side of love is death, especially when people use black magic to obtain everything they desire. When the devil comes into play, all that remains to do is call on the services of an exorcist.",<strong>Director</strong><br />To Man-Bo&nbsp;,,Brigadoon,,,Feature film,Mandarin,Taiwan,https://sitgesfilmfestival.com/en/film/2025/devil-curse
2218-film_session,2025-10-19T14:15:00,2025-10-19T16:25:00,130,Sala Tramuntana Meliá,False,False,2025-10-19,12138-film,Un fantasma útil,Phi Chidi Kha,2025,130,Ratchapoom Boonbunchachoke,"Director and screenwriter based in Bangkok, he makes his debut in the feature film world with A Useful Ghost.","Following Nat's tragic death from dust poisoning, March is consumed by grief. But his everyday life is turned upside down when he discovers that his wife's spirit has been reincarnated in a vacuum cleaner. As absurd as it may seem, their bond is rekindled, becoming stronger than ever. Sex with possessed vacuum cleaners and outrageous soap opera-like elements come together in one of the weirdest Asian fantastique gems of the year.","<strong>Director</strong><br />Ratchapoom Boonbunchachoke<br /><br /><strong>Writer</strong>&nbsp;<br />Ratchapoom Boonbunchachoke&nbsp;<br /><br /><strong>Cinematograph</strong>&nbsp;<br />Pasit Tandaechanurat&nbsp;<br /><br /><strong>Editor</strong>&nbsp;<br />Chonlasit Upanigkit&nbsp;<br /><br /><strong>With</strong>&nbsp;<br />Wanlop Rungkumjad, Davika Hoorne, Apasiri Nitibhon&nbsp;",Fiction,Oficial Fantàstic Competició,,,Feature film,Thai,Thailand; Singapore; Germany; France,https://sitgesfilmfestival.com/en/film/2025/fantasma-util
2241-film_session,2025-10-19T14:45:00,2025-10-19T16:32:00,107,Cinema Casino Prado,False,False,2025-10-19,13194-film,Osiris,Osiris,2025,107,William Kaufman,"Director, screenwriter, and producer specializing in action films. He studied special effects in Texas and made his directorial debut with The Prodigy (2005).","The members of a Special Forces commando team are abducted by a mysterious spaceship while in the middle of a military operation. Once they wake up, no one knows where they are or how they've ended up there. When they finally realize that a relentless alien race has taken them prisoners, a frantic fight for survival will commence. An infallible cocktail with huge doses of action, a good helping of aliens, and a stellar appearance by Linda Hamilton.","<strong>Director</strong><br />William Kaufman<br /><br /><strong>Writer</strong>&nbsp;<br />William Kaufman, Paul Reichelt&nbsp;<br /><br /><strong>Cinematographer</strong>&nbsp;<br />Mark Rutledge&nbsp;<br /><br /><strong>Editor</strong>&nbsp;<br />Sara Kaufman&nbsp;<br /><br /><strong>With</strong>&nbsp;<br />Max Martini, Brianna Hildebrand, Linda Hamilton&nbsp;",Fiction,Panorama,,,Feature film,English,United States of America (the),https://sitgesfilmfestival.com/en/film/2025/osiris
2405-film_session,2025-10-19T15:30:00,2025-10-19T21:30:00,360,Sala Auditori Meliá,False,False,2025-10-19,13514-film,Marató Auditori,Marató Auditori,0,360,,,,,,,,,Feature film,,,https://sitgesfilmfestival.com/en/film/2025/marato-auditori
2208-film_session,2025-10-19T16:00:00,2025-10-19T17:34:00,94,Sala Llevant,False,False,2025-10-19,13288-film,Traficantes de pánico,Traficantes de pánico,1980,94,René Cardona Jr.,,"A gang of criminals robs several casinos. During their getaway, three of them hide in the home of a wealthy businessman, taking the entire family hostage.",<strong>Director</strong><br />Ren&eacute; Cardona Jr.,,Brigadoon,,,Feature film,Spanish,Mexico; Spain; Venezuela (Bolivarian Republic of); Italy,https://sitgesfilmfestival.com/en/film/2025/traficantes-panico
2261-film_session,2025-10-19T16:30:00,2025-10-19T18:08:00,98,Cinema Escorxador,False,False,2025-10-19,12208-film,Endless Cookie,Endless Cookie,2025,98,"Seth Scriver, Pete Scriver","A duo of animators based in Canada. One of them, Seth Scriver, is previously credited as co-director and co-writer of the award-winning Asphalt Watches (2013).","With its highly imaginative and surprising animation, this family portrait explores the contrasts in the upbringing of two half-brothers, one white and the other indigenous, in an oral story full of humor. The two of them reminisce about their memories in front of a tape recorder, and the threads of their stories are interrupted by the charismatic members of an imaginary family, which includes nine children and ten dogs, who will contribute to the narrative with their own daydreams.","<strong>Director</strong> <br />Seth Scriver, Pete Scriver  <br /><strong>Writer</strong> <br />Seth Scriver, Pete Scriver  <br /><strong>Cinematography</strong> <br />Seth Scriver  <br /><strong>Editor</strong> <br />Sydney Cowper  <br /><strong>With</strong> <br />Seth Scriver, Pete Scriver, Kristin &ldquo;Cookie&rdquo; Scriver",Documentary,Anima't; Sitges Documenta,,,Feature film,English,Canada,https://sitgesfilmfestival.com/en/film/2025/endless-cookie
2376-film_session,2025-10-19T17:00:00,2025-10-19T18:43:00,103,Sala Tramuntana Meliá,False,False,2025-10-19,13433-film,Night Patrol,Night Patrol,2025,103,,,,,Fiction,Sitges Collection,,,,English,United Kingdom of Great Britain and Northern Ireland (the),https://sitgesfilmfestival.com/en/film/2025/night-patrol
2232-film_session,2025-10-19T17:00:00,2025-10-19T18:59:00,119,Cinema Casino Prado,False,False,2025-10-19,13136-film,Hi Five,Hi Five,2025,119,,,,,Fiction,Panorama,,,Feature film,Korean,Korea (the Republic of),https://sitgesfilmfestival.com/en/film/2025/hi-five
2190-film_session,2025-10-19T18:30:00,2025-10-19T20:02:00,92,Cinema Escorxador,False,False,2025-10-19,12153-film,The Python Hunt,The Python Hunt,2025,92,Xander Robin,"His feature film debut,Are We Not Cats(2016), premiered at the Venice Film Festival.The Python Huntis his first foray into nonfiction.","Every year, the Florida government invites the general public to compete in a contest to eradicate all the invasive pythons in the Everglades wetland reserve. For ten nights, an eclectic group of hunters confront the dangerous terrain, the nocturnal creatures there, and their own desires. Premiering at SXSW, this absolutely fascinating journey features a string of larger-than-life characters who will battle it out to try to win the $10,000 first prize.","<strong>Director</strong><br />Xander Robin<br /><br /><strong>Cinematographer</strong>&nbsp;<br />David Bolen, Matt Clegg&nbsp;<br /><br /><strong>Editor</strong>&nbsp;<br />Max Allman&nbsp;<br /><br /><strong>With</strong>&nbsp;<br />Jimbo McCartney, Shannon McCartney, Toby Benoit&nbsp;",Documentary,Sitges Documenta,,,Feature film,English,United States of America (the),https://sitgesfilmfestival.com/en/film/2025/python-hunt
2359-film_session,2025-10-19T19:15:00,2025-10-19T21:02:00,107,Sala Tramuntana Meliá,False,False,2025-10-19,12166-film,Redux Redux,Redux Redux,2025,107,Kevin McManus and Matthew McManus,The McManus brothers are the writers and producers of the Peabody Award-winning and Emmy-nominated series American Vandal and Cobra Kai.,"In an attempt to avenge her daughter's death, Irene Kelly travels through parallel universes, killing the murderer over and over again. In fact, she becomes addicted to this cycle of revenge, putting her own humanity at risk. A captivating and highly original science fiction thriller that once again demonstrates the excellent health of independent American fantastic filmmaking.","<strong>Director</strong><br />Kevin McManus, Matthew McManus<br /><br /><strong>Writer</strong><br />Kevin McManus, Matthew McManus<br /><br /><strong>Cinematograph</strong>&nbsp;<br />Alan Gwizdowski&nbsp;<br /><br /><strong>Editor</strong>&nbsp;<br />Derek Desmond, Nate Cormier&nbsp;<br /><br /><strong>With</strong>&nbsp;<br />Michaela McManus, Stella Marcus, Jeremy Holm&nbsp;",Fiction,Oficial Fantàstic Competició,,,Feature film,English,United States of America (the),https://sitgesfilmfestival.com/en/film/2025/redux-redux
2278-film_session,2025-10-19T20:30:00,2025-10-19T22:18:00,108,Cinema Escorxador,False,False,2025-10-19,13125-film,Fucktoys,Fucktoys,2025,108,Annapurna Sriam,"As an actress, she worked with Jesse Eisenberg in his play The Spoils and in film productions including Feral (2019). Fucktoys is her debut as a filmmaker.","A part-time sex worker, and full-time chaos magnet, AP is totally convinced that the universe has her in its grip, and she may well be right. In this wild, unfiltered debut, AP searches for a cosmic reset after a very peculiar tarot card reader tells her that she needs a thousand dollars and a scapegoat to be able to break her curse. Crude, raw, and unhinged, this hilarious adventure is tailor-made for anyone who feels like they might possibly be cursed.","<strong>Director</strong><br />Annapurna Sriram<br /><br /><strong>Writer</strong>&nbsp;<br />Annapurna Sriram&nbsp;<br /><br /><strong>Cinematographer</strong>&nbsp;<br />Cory Fraiman-Lott&nbsp;<br /><br /><strong>Editor</strong>&nbsp;<br />Lilly Wild, Grason Caldwell&nbsp;<br /><br /><strong>With</strong>&nbsp;<br />Annapurna Sriram, Sadie Scott, Fran&ccedil;ois Arnaud&nbsp;",Fiction,Noves Visions,,,Feature film,English,United States of America (the),https://sitgesfilmfestival.com/en/film/2025/fucktoys
2374-film_session,2025-10-19T21:30:00,2025-10-19T22:57:00,87,Sala Tramuntana Meliá,False,False,2025-10-19,12202-film,Reflection in a Dead Diamond,Reflet dans un diamant mort,2025,87,Hélène Cattet & Bruno Forzani,"After writing and directing several self-produced short films, they achieved resounding success with films that include Amer (2009) and Let the Corpses Tan (2017).","John D., a septuagenarian living in a luxurious hotel on the French Riviera, is intrigued by his neighbor, who reminds him of his wildest years on the Riviera in the 1960s. Back in those days, he was a spy in a world that was constantly developing and full of promising opportunities. One day, his neighbor mysteriously disappears, and John is forced to face his demons: have his old adversaries returned to wreak havoc on his idyllic world?","<strong>Director</strong> <br />H&eacute;l&egrave;ne Cattet, Bruno Forzani  <br /><strong>Writer</strong> <br />H&eacute;l&egrave;ne Cattet, Bruno Forzani  <br /><strong>Cinematography</strong> <br />Manu Dacosse  <br /><strong>Editor</strong> <br />Bernard Beets  <br /><strong>With</strong> <br />Fabio Testi, Yannick Renier, Koen de Bouw",Fiction,Oficial Fantàstic Competició,,,Feature film,French; Italian,Belgium; Luxembourg; France; Italy,https://sitgesfilmfestival.com/en/film/2025/reflection-dead-diamond
2255-film_session,2025-10-19T22:45:00,2025-10-20T00:09:00,84,Cinema Escorxador,False,False,2025-10-19,12204-film,Dead Lover,Dead Lover,2025,84,Grace Glowicki,"Canadian director, screenwriter, and actress, Dead Lover is her second feature film behind the camera, after debuting in 2019 with Tito.","A lonely gravedigger, whose body stinks of dead flesh, finally winds up meeting the man of her dreams. But soon after, their blissful love life is cut short by a tragic event: her prince charming dies, drowned at sea. Determined to bring him back to life no matter what it takes, the gravedigger will begin to conduct a series of crazy and... very morbid scientific experiments. One of the huge sensations in the Midnight section at the most recent Sundance Film Festival.","<strong>Director</strong> <br />Grace Glowicki  <br /><strong>Writer</strong> <br />Grace Glowicki, Ben Petrie  <br /><strong>Cinematography</strong> <br />Rhayne Vermette  <br /><strong>Editor</strong> <br />Lev Lewis  <br /><strong>With</strong> <br />Grace Glowicki, Ben Petrie, Leah Doz",Fiction,Noves Visions,,,Feature film,English,Canada,https://sitgesfilmfestival.com/en/film/2025/dead-lover
